"id","code","name","account_type","reconcile","chart_template_id:id"
"ua_psbp_100",100,"Investment properties","asset_fixed",FALSE,"l10n_ua_psbo_chart_template"
"ua_psbp_101",101,"Real estate","asset_fixed",FALSE,"l10n_ua_psbo_chart_template"
"ua_psbp_102",102,"Expenditure on land improvements","asset_fixed",FALSE,"l10n_ua_psbo_chart_template"
"ua_psbp_103",103,"Buildings and structures","asset_fixed",FALSE,"l10n_ua_psbo_chart_template"
"ua_psbp_104",104,"Machines and equipment","asset_fixed",FALSE,"l10n_ua_psbo_chart_template"
"ua_psbp_105",105,"Transportation","asset_fixed",FALSE,"l10n_ua_psbo_chart_template"
"ua_psbp_106",106,"Other fixtures and fittings, tools and equipments","asset_fixed",FALSE,"l10n_ua_psbo_chart_template"
"ua_psbp_107",107,"Animals","asset_fixed",FALSE,"l10n_ua_psbo_chart_template"
"ua_psbp_108",108,"Perennial lands","asset_fixed",FALSE,"l10n_ua_psbo_chart_template"
"ua_psbp_1091",1091,"Other fixed assets","asset_fixed",FALSE,"l10n_ua_psbo_chart_template"
"ua_psbp_1092",1092,"Fixed assets intended for sale","asset_fixed",FALSE,"l10n_ua_psbo_chart_template"
"ua_psbp_111",111,"Library Funds","asset_fixed",FALSE,"l10n_ua_psbo_chart_template"
"ua_psbp_112",112,"Low-value non-current tangible assets","asset_fixed",FALSE,"l10n_ua_psbo_chart_template"
"ua_psbp_113",113,"Temporary (untitled) buildings","asset_fixed",FALSE,"l10n_ua_psbo_chart_template"
"ua_psbp_114",114,"Natural resources","asset_fixed",FALSE,"l10n_ua_psbo_chart_template"
"ua_psbp_115",115,"Packing stock","asset_fixed",FALSE,"l10n_ua_psbo_chart_template"
"ua_psbp_116",116,"Rental items","asset_fixed",FALSE,"l10n_ua_psbo_chart_template"
"ua_psbp_1171",1171,"Other non-current tangible assets","asset_fixed",FALSE,"l10n_ua_psbo_chart_template"
"ua_psbp_1172",1172,"Non-current tangible assets intended for sell","asset_fixed",FALSE,"l10n_ua_psbo_chart_template"
"ua_psbp_121",121,"Rights to use natural resources","asset_fixed",FALSE,"l10n_ua_psbo_chart_template"
"ua_psbp_122",122,"Property usage rights","asset_fixed",FALSE,"l10n_ua_psbo_chart_template"
"ua_psbp_123",123,"Rights of commercial designations","asset_fixed",FALSE,"l10n_ua_psbo_chart_template"
"ua_psbp_124",124,"Industrial property rights","asset_fixed",FALSE,"l10n_ua_psbo_chart_template"
"ua_psbp_125",125,"Copyright and related rights","asset_fixed",FALSE,"l10n_ua_psbo_chart_template"
"ua_psbp_127",127,"Other intangible assets","asset_fixed",FALSE,"l10n_ua_psbo_chart_template"
"ua_psbp_131",131,"Deprecation of fixed assets","expense_depreciation",FALSE,"l10n_ua_psbo_chart_template"
"ua_psbp_132",132,"Deprecation of other non-current tangible assets","expense_depreciation",FALSE,"l10n_ua_psbo_chart_template"
"ua_psbp_133",133,"Accumulated depreciation of intangible assets","expense_depreciation",FALSE,"l10n_ua_psbo_chart_template"
"ua_psbp_134",134,"Accumulated depreciation of long-term biological assets","expense_depreciation",FALSE,"l10n_ua_psbo_chart_template"
"ua_psbp_135",135,"Deprecation of real estate","expense_depreciation",FALSE,"l10n_ua_psbo_chart_template"
"ua_psbp_141",141,"Investments involving parties by accounting for participation in capital","asset_fixed",FALSE,"l10n_ua_psbo_chart_template"
"ua_psbp_142",142,"Shares in affiliated undertakings","asset_fixed",FALSE,"l10n_ua_psbo_chart_template"
"ua_psbp_143",143,"Investments in unrelated parties","asset_fixed",FALSE,"l10n_ua_psbo_chart_template"
"ua_psbp_151",151,"Capital invested in construction","asset_fixed",FALSE,"l10n_ua_psbo_chart_template"
"ua_psbp_1521",1521,"Purchase of fixed assets","asset_fixed",FALSE,"l10n_ua_psbo_chart_template"
"ua_psbp_1522",1522,"Production and modernization of fixed assets","asset_fixed",FALSE,"l10n_ua_psbo_chart_template"
"ua_psbp_1531",1531,"Purchase of other non-current tangible assets","asset_fixed",FALSE,"l10n_ua_psbo_chart_template"
"ua_psbp_1532",1532,"Manufacturing and upgrading other non-current fixed assets","asset_fixed",FALSE,"l10n_ua_psbo_chart_template"
"ua_psbp_1541",1541,"Acquisition of intangible assets","asset_fixed",FALSE,"l10n_ua_psbo_chart_template"
"ua_psbp_1542",1542,"Production of intangible assets","asset_fixed",FALSE,"l10n_ua_psbo_chart_template"
"ua_psbp_155",155,"Acquisition (cultivation) of long-term biological assets","asset_fixed",FALSE,"l10n_ua_psbo_chart_template"
"ua_psbp_161",161,"Long-term biological assets of crops which are estimated at fair cost","asset_fixed",FALSE,"l10n_ua_psbo_chart_template"
"ua_psbp_162",162,"Long-term biological assets of crops which are estimated at original cost","asset_fixed",FALSE,"l10n_ua_psbo_chart_template"
"ua_psbp_163",163,"Long-term biological assets of animal husbandry which are estimated at fair cost","asset_fixed",FALSE,"l10n_ua_psbo_chart_template"
"ua_psbp_164",164,"Long-term biological assets of animal husbandry which are estimated at original cost","asset_fixed",FALSE,"l10n_ua_psbo_chart_template"
"ua_psbp_165",165,"Immature long-term biological assets evaluated at fair cost","asset_fixed",FALSE,"l10n_ua_psbo_chart_template"
"ua_psbp_166",166,"Unmature long-term biological assets evaluated at original cost","asset_fixed",FALSE,"l10n_ua_psbo_chart_template"
"ua_psbp_17",17,"Deferred tax assets","asset_fixed",FALSE,"l10n_ua_psbo_chart_template"
"ua_psbp_181",181,"Lease debts","asset_fixed",FALSE,"l10n_ua_psbo_chart_template"
"ua_psbp_182",182,"Long-term bills received","asset_fixed",FALSE,"l10n_ua_psbo_chart_template"
"ua_psbp_183",183,"Other receivables","asset_fixed",FALSE,"l10n_ua_psbo_chart_template"
"ua_psbp_184",184,"Other non-current assets","asset_fixed",FALSE,"l10n_ua_psbo_chart_template"
"ua_psbp_191",191,"Goodwill upon acquisition","asset_fixed",FALSE,"l10n_ua_psbo_chart_template"
"ua_psbp_192",192,"Negative Goodwill","asset_fixed",FALSE,"l10n_ua_psbo_chart_template"
"ua_psbp_193",193,"Goodwill during privatization (corporatization)","asset_fixed",FALSE,"l10n_ua_psbo_chart_template"
"ua_psbp_200",200,"Transport and procurement costs (materials)","asset_current",FALSE,"l10n_ua_psbo_chart_template"
"ua_psbp_201",201,"Raw materials and materials","asset_current",FALSE,"l10n_ua_psbo_chart_template"
"ua_psbp_202",202,"Purchase of semi-finished products and consumables","asset_current",FALSE,"l10n_ua_psbo_chart_template"
"ua_psbp_203",203,"Fuel","asset_current",FALSE,"l10n_ua_psbo_chart_template"
"ua_psbp_204",204,"Packing and packing materials","asset_current",FALSE,"l10n_ua_psbo_chart_template"
"ua_psbp_205",205,"Construction materials","asset_current",FALSE,"l10n_ua_psbo_chart_template"
"ua_psbp_206",206,"Materials transferred to recycling","asset_current",FALSE,"l10n_ua_psbo_chart_template"
"ua_psbp_207",207,"Spare parts","asset_current",FALSE,"l10n_ua_psbo_chart_template"
"ua_psbp_208",208,"Agricultural purpose materials","asset_current",FALSE,"l10n_ua_psbo_chart_template"
"ua_psbp_209",209,"Other materials","asset_current",FALSE,"l10n_ua_psbo_chart_template"
"ua_psbp_211",211,"Current biological assets of crops estimated at fair cost","asset_current",FALSE,"l10n_ua_psbo_chart_template"
"ua_psbp_212",212,"Current biological assets of animal husbandry estimated at fair cost","asset_current",FALSE,"l10n_ua_psbo_chart_template"
"ua_psbp_213",213,"Current biological assets of animal husbandry estimated at original cost","asset_current",FALSE,"l10n_ua_psbo_chart_template"
"ua_psbp_22",22,"Low-value and fast-wearing items","asset_current",FALSE,"l10n_ua_psbo_chart_template"
"ua_psbp_231",231,"Main production costs","asset_current",FALSE,"l10n_ua_psbo_chart_template"
"ua_psbp_232",232,"Auxiliary production","asset_current",FALSE,"l10n_ua_psbo_chart_template"
"ua_psbp_233",233,"Maintenance production costs","asset_current",FALSE,"l10n_ua_psbo_chart_template"
"ua_psbp_234",234,"Old production","asset_current",FALSE,"l10n_ua_psbo_chart_template"
"ua_psbp_235",235,"Maintenance and repair of fixed assets","asset_current",FALSE,"l10n_ua_psbo_chart_template"
"ua_psbp_238",238,"Unfinished construction contracts","asset_current",FALSE,"l10n_ua_psbo_chart_template"
"ua_psbp_239",239,"Intermediate accounts","asset_current",FALSE,"l10n_ua_psbo_chart_template"
"ua_psbp_24",24,"Defect in production","asset_current",FALSE,"l10n_ua_psbo_chart_template"
"ua_psbp_25",25,"Semi-finished products","asset_current",FALSE,"l10n_ua_psbo_chart_template"
"ua_psbp_26",26,"Finished goods","asset_current",FALSE,"l10n_ua_psbo_chart_template"
"ua_psbp_27",27,"Agricultural products","asset_current",FALSE,"l10n_ua_psbo_chart_template"
"ua_psbp_280",280,"Transport and procurement costs","asset_current",FALSE,"l10n_ua_psbo_chart_template"
"ua_psbp_281",281,"Goods in stock","asset_current",FALSE,"l10n_ua_psbo_chart_template"
"ua_psbp_2811",2811,"Goods shipped from warehouse","asset_current",TRUE,"l10n_ua_psbo_chart_template"
"ua_psbp_2812",2812,"Goods received in stock","liability_current",TRUE,"l10n_ua_psbo_chart_template"
"ua_psbp_282",282,"Trade goods (for sale cost)","asset_current",FALSE,"l10n_ua_psbo_chart_template"
"ua_psbp_283",283,"Goods on commission","asset_current",FALSE,"l10n_ua_psbo_chart_template"
"ua_psbp_284",284,"Packing under goods","asset_current",FALSE,"l10n_ua_psbo_chart_template"
"ua_psbp_285",285,"Trade markup","asset_current",FALSE,"l10n_ua_psbo_chart_template"
"ua_psbp_286",286,"Non-current assets and disposal groups held for sale","asset_current",FALSE,"l10n_ua_psbo_chart_template"
"ua_psbp_289",289,"Trade goods (by purchase cost)","asset_current",FALSE,"l10n_ua_psbo_chart_template"
"ua_psbp_311",311,"Bank accounts in national currency","asset_cash",FALSE,"l10n_ua_psbo_chart_template"
"ua_psbp_312",312,"Bank accounts in foreign currency","asset_cash",FALSE,"l10n_ua_psbo_chart_template"
"ua_psbp_313",313,"Other bank accounts in domestic currency","asset_cash",FALSE,"l10n_ua_psbo_chart_template"
"ua_psbp_314",314,"Other bank accounts in foreign currency","asset_cash",FALSE,"l10n_ua_psbo_chart_template"
"ua_psbp_315",315,"Special bank accounts in national currency","asset_cash",FALSE,"l10n_ua_psbo_chart_template"
"ua_psbp_316",316,"Special bank accounts in foreign currency","asset_cash",FALSE,"l10n_ua_psbo_chart_template"
"ua_psbp_331",331,"Monetary documents in national currency","asset_cash",FALSE,"l10n_ua_psbo_chart_template"
"ua_psbp_332",332,"Monetary documents in foreign currency","asset_cash",FALSE,"l10n_ua_psbo_chart_template"
"ua_psbp_333",333,"Money in the national currency","asset_cash",FALSE,"l10n_ua_psbo_chart_template"
"ua_psbp_334",334,"Cash transfers in foreign currency","asset_cash",FALSE,"l10n_ua_psbo_chart_template"
"ua_psbp_335",335,"Electronic money denominated in national currency","asset_cash",FALSE,"l10n_ua_psbo_chart_template"
"ua_psbp_341",341,"Short-term bills received in national currency","asset_cash",FALSE,"l10n_ua_psbo_chart_template"
"ua_psbp_342",342,"Short-term bills received in foreign currency","asset_cash",FALSE,"l10n_ua_psbo_chart_template"
"ua_psbp_3511",3511,"Cash equivalents (in national currency)","asset_cash",FALSE,"l10n_ua_psbo_chart_template"
"ua_psbp_3512",3512,"Cash equivalents (in foreign currency)","asset_cash",FALSE,"l10n_ua_psbo_chart_template"
"ua_psbp_352",352,"Other current financial investments","asset_cash",FALSE,"l10n_ua_psbo_chart_template"
"ua_psbp_361",361,"Amount owed by domestic customers","asset_receivable",TRUE,"l10n_ua_psbo_chart_template"
"ua_psbp_362",362,"Amount owed by foreign customers","asset_receivable",TRUE,"l10n_ua_psbo_chart_template"
"ua_psbp_363",363,"Amount owed by PFG members","asset_receivable",TRUE,"l10n_ua_psbo_chart_template"
"ua_psbp_364",364,"Settlements on guaranteed provision","asset_receivable",TRUE,"l10n_ua_psbo_chart_template"
"ua_psbp_365",365,"Amount owed by retail customers","asset_receivable",TRUE,"l10n_ua_psbo_chart_template"
"ua_psbp_366",366,"Amount owed by domestic customers (PoS)","asset_receivable",TRUE,"l10n_ua_psbo_chart_template"
"ua_psbp_3711",3711,"Payments for advances received (in national currency)","asset_receivable",TRUE,"l10n_ua_psbo_chart_template"
"ua_psbp_3712",3712,"Payments for advances received (in foreign currency)","asset_receivable",TRUE,"l10n_ua_psbo_chart_template"
"ua_psbp_3721",3721,"Amount owed by accountable individuals in national currency","asset_receivable",TRUE,"l10n_ua_psbo_chart_template"
"ua_psbp_3722",3722,"Amount owed by accountable individuals in foreign currency","asset_receivable",TRUE,"l10n_ua_psbo_chart_template"
"ua_psbp_373",373,"Settlements based on accrued income","asset_receivable",TRUE,"l10n_ua_psbo_chart_template"
"ua_psbp_374",374,"Settlements for Claims","asset_receivable",TRUE,"l10n_ua_psbo_chart_template"
"ua_psbp_375",375,"Settlements for compensation damages","asset_receivable",TRUE,"l10n_ua_psbo_chart_template"
"ua_psbp_376",376,"Payments for loans to members of credit unions","asset_receivable",TRUE,"l10n_ua_psbo_chart_template"
"ua_psbp_3771",3771,"Amount owed by other debtors (in national currency)","asset_receivable",TRUE,"l10n_ua_psbo_chart_template"
"ua_psbp_3772",3772,"Amount owed by other debtors (in foreign currency)","asset_receivable",TRUE,"l10n_ua_psbo_chart_template"
"ua_psbp_3773",3773,"Amount owed by workers and employees on other operations","liability_payable",TRUE,"l10n_ua_psbo_chart_template"
"ua_psbp_378",378,"Amount owed by state trust funds","asset_receivable",TRUE,"l10n_ua_psbo_chart_template"
"ua_psbp_379",379,"Settlements for operations with derivatives","asset_receivable",TRUE,"l10n_ua_psbo_chart_template"
"ua_psbp_381",381,"Trade receivable for goods, work, services","asset_receivable",TRUE,"l10n_ua_psbo_chart_template"
"ua_psbp_382",382,"Trade receivables customer","asset_receivable",TRUE,"l10n_ua_psbo_chart_template"
"ua_psbp_383",383,"Trade receivables for issued advances","asset_receivable",TRUE,"l10n_ua_psbo_chart_template"
"ua_psbp_384",384,"Trade receivables for accrued income","asset_receivable",TRUE,"l10n_ua_psbo_chart_template"
"ua_psbp_385",385,"Reserves for own shares","asset_receivable",TRUE,"l10n_ua_psbo_chart_template"
"ua_psbp_386",386,"Other debt","asset_receivable",TRUE,"l10n_ua_psbo_chart_template"
"ua_psbp_39",39,"Deferred expenses","liability_non_current",FALSE,"l10n_ua_psbo_chart_template"
"ua_psbp_401",401,"Share capital","equity",FALSE,"l10n_ua_psbo_chart_template"
"ua_psbp_402",402,"Share capital","equity",FALSE,"l10n_ua_psbo_chart_template"
"ua_psbp_403",403,"Other registered capital","equity",FALSE,"l10n_ua_psbo_chart_template"
"ua_psbp_404",404,"Contributions to unregistered statutory capital","equity",FALSE,"l10n_ua_psbo_chart_template"
"ua_psbp_411",411,"Revaluation (depreciation) of fixed assets","equity",FALSE,"l10n_ua_psbo_chart_template"
"ua_psbp_412",412,"Revaluation (depreciation) of intangible assets","equity",FALSE,"l10n_ua_psbo_chart_template"
"ua_psbp_413",413,"Revaluation (depreciation) of financial assets","equity",FALSE,"l10n_ua_psbo_chart_template"
"ua_psbp_414",414,"Other capital in assessments","equity",FALSE,"l10n_ua_psbo_chart_template"
"ua_psbp_421",421,"Issued capital","equity",FALSE,"l10n_ua_psbo_chart_template"
"ua_psbp_422",422,"Other invested capital","equity",FALSE,"l10n_ua_psbo_chart_template"
"ua_psbp_423",423,"Exchange rate differences","equity",FALSE,"l10n_ua_psbo_chart_template"
"ua_psbp_424",424,"Unpaid non-current assets","equity",FALSE,"l10n_ua_psbo_chart_template"
"ua_psbp_425",425,"Other additional capital","equity",FALSE,"l10n_ua_psbo_chart_template"
"ua_psbp_43",43,"Reserve capital","equity",FALSE,"l10n_ua_psbo_chart_template"
"ua_psbp_441",441,"Retained earnings","equity",FALSE,"l10n_ua_psbo_chart_template"
"ua_psbp_442",442,"Uncovered losses","equity",FALSE,"l10n_ua_psbo_chart_template"
"ua_psbp_443",443,"Revenues used in the reporting period","equity",FALSE,"l10n_ua_psbo_chart_template"
"ua_psbp_451",451,"Withdrawn shares","equity",FALSE,"l10n_ua_psbo_chart_template"
"ua_psbp_452",452,"Withdrawn deposits and shares","equity",FALSE,"l10n_ua_psbo_chart_template"
"ua_psbp_453",453,"Another withdrawn capital","equity",FALSE,"l10n_ua_psbo_chart_template"
"ua_psbp_46",46,"Unpaid capital","equity",FALSE,"l10n_ua_psbo_chart_template"
"ua_psbp_471",471,"Provision of vacation pay","equity",FALSE,"l10n_ua_psbo_chart_template"
"ua_psbp_472",472,"Additional pension provision","equity",FALSE,"l10n_ua_psbo_chart_template"
"ua_psbp_473",473,"Provision for guaranteed obligations","equity",FALSE,"l10n_ua_psbo_chart_template"
"ua_psbp_474",474,"Provision for other costs and payments","equity",FALSE,"l10n_ua_psbo_chart_template"
"ua_psbp_475",475,"Provision related to investment activities","equity",FALSE,"l10n_ua_psbo_chart_template"
"ua_psbp_476",476,"Provision related to financial activities","equity",FALSE,"l10n_ua_psbo_chart_template"
"ua_psbp_477",477,"Provision of financial incentives","equity",FALSE,"l10n_ua_psbo_chart_template"
"ua_psbp_478",478,"Provision for the restoration of land areas","equity",FALSE,"l10n_ua_psbo_chart_template"
"ua_psbp_481",481,"Result exempted from taxation","equity",FALSE,"l10n_ua_psbo_chart_template"
"ua_psbp_482",482,"Result from budget and government special funds","equity",FALSE,"l10n_ua_psbo_chart_template"
"ua_psbp_483",483,"Charity and donations","equity",FALSE,"l10n_ua_psbo_chart_template"
"ua_psbp_484",484,"Other means for target funding","equity",FALSE,"l10n_ua_psbo_chart_template"
"ua_psbp_491",491,"Technical reserves","equity",FALSE,"l10n_ua_psbo_chart_template"
"ua_psbp_492",492,"Life insurance reserves","equity",FALSE,"l10n_ua_psbo_chart_template"
"ua_psbp_493",493,"Share of reinsurers in technical reserves","equity",FALSE,"l10n_ua_psbo_chart_template"
"ua_psbp_494",494,"Share of reinsurers in life insurance reserves","equity",FALSE,"l10n_ua_psbo_chart_template"
"ua_psbp_495",495,"Result of changes in technical reserves","equity",FALSE,"l10n_ua_psbo_chart_template"
"ua_psbp_496",496,"Results of change in life insurance reserves","equity",FALSE,"l10n_ua_psbo_chart_template"
"ua_psbp_501",501,"Long-term bank loans in national currency","liability_non_current",FALSE,"l10n_ua_psbo_chart_template"
"ua_psbp_502",502,"Long-term bank loans in foreign currency","liability_non_current",FALSE,"l10n_ua_psbo_chart_template"
"ua_psbp_503",503,"Long-term bank loans in national currency","liability_non_current",FALSE,"l10n_ua_psbo_chart_template"
"ua_psbp_504",504,"Long-term bank loans in foreign currency","liability_non_current",FALSE,"l10n_ua_psbo_chart_template"
"ua_psbp_505",505,"Other long-term loans in domestic currency","liability_non_current",FALSE,"l10n_ua_psbo_chart_template"
"ua_psbp_506",506,"Other long-term loans in foreign currency","liability_non_current",FALSE,"l10n_ua_psbo_chart_template"
"ua_psbp_511",511,"Long-term bills issued in national currency","liability_non_current",FALSE,"l10n_ua_psbo_chart_template"
"ua_psbp_512",512,"Long-term bills issued in foreign currency","liability_non_current",FALSE,"l10n_ua_psbo_chart_template"
"ua_psbp_521",521,"Bond obligations","liability_non_current",FALSE,"l10n_ua_psbo_chart_template"
"ua_psbp_522",522,"Premiums on conversion of bonds into shares","liability_non_current",FALSE,"l10n_ua_psbo_chart_template"
"ua_psbp_523",523,"Discounts on issued bonds","liability_non_current",FALSE,"l10n_ua_psbo_chart_template"
"ua_psbp_531",531,"Obligation for financial lease","liability_non_current",FALSE,"l10n_ua_psbo_chart_template"
"ua_psbp_532",532,"Obligation for the lease of property complexes","liability_non_current",FALSE,"l10n_ua_psbo_chart_template"
"ua_psbp_54",54,"Deferred tax obligations","liability_non_current",FALSE,"l10n_ua_psbo_chart_template"
"ua_psbp_55",55,"Other long-term loans","liability_non_current",FALSE,"l10n_ua_psbo_chart_template"
"ua_psbp_601",601,"Short-term bank loans in national currency","liability_current",FALSE,"l10n_ua_psbo_chart_template"
"ua_psbp_602",602,"Short-term bank loans in foreign currency","liability_current",FALSE,"l10n_ua_psbo_chart_template"
"ua_psbp_603",603,"Deferred short-term bank loans in national currency","liability_current",FALSE,"l10n_ua_psbo_chart_template"
"ua_psbp_604",604,"Deferred short-term bank loans in foreign currency","liability_current",FALSE,"l10n_ua_psbo_chart_template"
"ua_psbp_605",605,"Overdue loans in national currency","liability_current",FALSE,"l10n_ua_psbo_chart_template"
"ua_psbp_606",606,"Overdue loans in foreign currency","liability_current",FALSE,"l10n_ua_psbo_chart_template"
"ua_psbp_611",611,"Current debt on long-term obligations in national currency","liability_current",FALSE,"l10n_ua_psbo_chart_template"
"ua_psbp_612",612,"Current debt on long-term obligations in foreign currency","liability_current",FALSE,"l10n_ua_psbo_chart_template"
"ua_psbp_621",621,"Short-term bills issued in national currency","liability_current",FALSE,"l10n_ua_psbo_chart_template"
"ua_psbp_622",622,"Short-term bills issued in foreign currency","liability_current",FALSE,"l10n_ua_psbo_chart_template"
"ua_psbp_631",631,"Amount owed to domestic suppliers","liability_payable",TRUE,"l10n_ua_psbo_chart_template"
"ua_psbp_632",632,"Amount owed by foreign suppliers","liability_payable",TRUE,"l10n_ua_psbo_chart_template"
"ua_psbp_633",633,"Amount owed by PFG members","liability_payable",TRUE,"l10n_ua_psbo_chart_template"
"ua_psbp_6411",6411,"Due income tax","liability_payable",TRUE,"l10n_ua_psbo_chart_template"
"ua_psbp_6412",6412,"Due VAT","liability_payable",TRUE,"l10n_ua_psbo_chart_template"
"ua_psbp_64121",64121,"Due VAT in the EA VAT system","liability_payable",TRUE,"l10n_ua_psbo_chart_template"
"ua_psbp_64122",64122,"VAT balance after 01.02.2015","liability_payable",TRUE,"l10n_ua_psbo_chart_template"
"ua_psbp_64123",64123,"Negative balance from VAT until 01.02.2015","liability_payable",TRUE,"l10n_ua_psbo_chart_template"
"ua_psbp_6413",6413,"Settlements of Income tax","liability_payable",TRUE,"l10n_ua_psbo_chart_template"
"ua_psbp_6414",6414,"Single tax settlement","liability_payable",TRUE,"l10n_ua_psbo_chart_template"
"ua_psbp_6415",6415,"Settlements on Military levy","liability_payable",TRUE,"l10n_ua_psbo_chart_template"
"ua_psbp_6416",6416,"Excise duty","liability_payable",TRUE,"l10n_ua_psbo_chart_template"
"ua_psbp_642",642,"Settlements for legal provision","liability_payable",TRUE,"l10n_ua_psbo_chart_template"
"ua_psbp_6431",6431,"Withholding Tax","liability_current",FALSE,"l10n_ua_psbo_chart_template"
"ua_psbp_6432",6432,"Withholding Tax unconfirmed","liability_current",FALSE,"l10n_ua_psbo_chart_template"
"ua_psbp_6433",6433,"Tax obligation adjustment","liability_current",FALSE,"l10n_ua_psbo_chart_template"
"ua_psbp_6434",6434,"Withholding Tax (retail)","liability_current",FALSE,"l10n_ua_psbo_chart_template"
"ua_psbp_6435",6435,"Conditional sale","liability_current",FALSE,"l10n_ua_psbo_chart_template"
"ua_psbp_6441",6441,"Tax credit","liability_current",FALSE,"l10n_ua_psbo_chart_template"
"ua_psbp_6442",6442,"Tax credit unconfirmed","liability_current",FALSE,"l10n_ua_psbo_chart_template"
"ua_psbp_6443",6443,"Tax credit adjustment","liability_current",FALSE,"l10n_ua_psbo_chart_template"
"ua_psbp_651",651,"Mandatory public social insurance","liability_payable",TRUE,"l10n_ua_psbo_chart_template"
"ua_psbp_652",652,"Social insurance","liability_payable",TRUE,"l10n_ua_psbo_chart_template"
"ua_psbp_653",653,"Insurance for unemployment (not used)","liability_payable",TRUE,"l10n_ua_psbo_chart_template"
"ua_psbp_654",654,"Individual insurance","liability_payable",TRUE,"l10n_ua_psbo_chart_template"
"ua_psbp_655",655,"Insurance of property","liability_payable",TRUE,"l10n_ua_psbo_chart_template"
"ua_psbp_656",656,"Insurance of accidents","liability_payable",TRUE,"l10n_ua_psbo_chart_template"
"ua_psbp_661",661,"Wages and salaries","liability_payable",TRUE,"l10n_ua_psbo_chart_template"
"ua_psbp_662",662,"Amount owed to depositors","liability_payable",TRUE,"l10n_ua_psbo_chart_template"
"ua_psbp_663",663,"Settlements for other payments","liability_payable",TRUE,"l10n_ua_psbo_chart_template"
"ua_psbp_671",671,"Settlements based on accrued dividends","liability_payable",TRUE,"l10n_ua_psbo_chart_template"
"ua_psbp_672",672,"Settlements for other payments","liability_payable",TRUE,"l10n_ua_psbo_chart_template"
"ua_psbp_680",680,"Calculations related to non-current assets and disposal groups held for sale","liability_payable",TRUE,"l10n_ua_psbo_chart_template"
"ua_psbp_6811",6811,"Avans calculations are obtained in national currency","liability_payable",TRUE,"l10n_ua_psbo_chart_template"
"ua_psbp_6812",6812,"Payments for advances received in foreign currency","liability_payable",TRUE,"l10n_ua_psbo_chart_template"
"ua_psbp_682",682,"Internal settlements","liability_payable",TRUE,"l10n_ua_psbo_chart_template"
"ua_psbp_683",683,"Internal farm settlements","liability_payable",TRUE,"l10n_ua_psbo_chart_template"
"ua_psbp_684",684,"Settlements based on accrued interests","liability_payable",TRUE,"l10n_ua_psbo_chart_template"
"ua_psbp_6851",6851,"Amount owed to other creditors (in national currency)","liability_payable",TRUE,"l10n_ua_psbo_chart_template"
"ua_psbp_6852",6852,"Amount owed to other creditors (in foreign currency)","liability_payable",TRUE,"l10n_ua_psbo_chart_template"
"ua_psbp_6853",6853,"Settlements on executive letters","liability_payable",TRUE,"l10n_ua_psbo_chart_template"
"ua_psbp_69",69,"Future income","income",FALSE,"l10n_ua_psbo_chart_template"
"ua_psbp_701",701,"Revenue from the sale of finished products","income",FALSE,"l10n_ua_psbo_chart_template"
"ua_psbp_702",702,"Revenue from the sale of goods","income",FALSE,"l10n_ua_psbo_chart_template"
"ua_psbp_703",703,"Revenue from the sale of works and services","income",FALSE,"l10n_ua_psbo_chart_template"
"ua_psbp_704",704,"Deduction from income","income",FALSE,"l10n_ua_psbo_chart_template"
"ua_psbp_705",705,"Reinsurance","income",FALSE,"l10n_ua_psbo_chart_template"
"ua_psbp_7091",7091,"Income from retail sales","income",FALSE,"l10n_ua_psbo_chart_template"
"ua_psbp_7092",7092,"Sales income","income",FALSE,"l10n_ua_psbo_chart_template"
"ua_psbp_710",710,"Income from initial recognition and from changes in the value of assets accounted at fair cost","income",FALSE,"l10n_ua_psbo_chart_template"
"ua_psbp_711",711,"Income from foreign currency exchange rate differences","income",FALSE,"l10n_ua_psbo_chart_template"
"ua_psbp_712",712,"Revenue from the sale of other current assets","income",FALSE,"l10n_ua_psbo_chart_template"
"ua_psbp_713",713,"Income from operating loan assets","income",FALSE,"l10n_ua_psbo_chart_template"
"ua_psbp_714",714,"Income from operational exchange rate differences","income",FALSE,"l10n_ua_psbo_chart_template"
"ua_psbp_715",715,"Received fines and penalties","income",FALSE,"l10n_ua_psbo_chart_template"
"ua_psbp_716",716,"Reversal of previously written off assets","income",FALSE,"l10n_ua_psbo_chart_template"
"ua_psbp_717",717,"Revenue from creditor debt","income",FALSE,"l10n_ua_psbo_chart_template"
"ua_psbp_718",718,"Income from current assets received free of charge","income",FALSE,"l10n_ua_psbo_chart_template"
"ua_psbp_719",719,"Other income from operational activity","income",FALSE,"l10n_ua_psbo_chart_template"
"ua_psbp_721",721,"Income from investment in associate enterprises","income",FALSE,"l10n_ua_psbo_chart_template"
"ua_psbp_722",722,"Revenue from joint activity","income",FALSE,"l10n_ua_psbo_chart_template"
"ua_psbp_723",723,"Income from investment in subsidiary enterprises","income",FALSE,"l10n_ua_psbo_chart_template"
"ua_psbp_731",731,"Dividends received","income",FALSE,"l10n_ua_psbo_chart_template"
"ua_psbp_732",732,"Interests received","income",FALSE,"l10n_ua_psbo_chart_template"
"ua_psbp_733",733,"Other income from financial operations","income",FALSE,"l10n_ua_psbo_chart_template"
"ua_psbp_740",740,"Income from changes in the value of financial assets","income",FALSE,"l10n_ua_psbo_chart_template"
"ua_psbp_741",741,"Income from financial investments","income",FALSE,"l10n_ua_psbo_chart_template"
"ua_psbp_742",742,"Income from equity assets","income",FALSE,"l10n_ua_psbo_chart_template"
"ua_psbp_743",743,"Income from the sale of properties","income",FALSE,"l10n_ua_psbo_chart_template"
"ua_psbp_744",744,"Income from non-operational exchange rate differences","income",FALSE,"l10n_ua_psbo_chart_template"
"ua_psbp_745",745,"Income from non-current assets received free of charge","income",FALSE,"l10n_ua_psbo_chart_template"
"ua_psbp_746",746,"Other income","income",FALSE,"l10n_ua_psbo_chart_template"
"ua_psbp_751",751,"Compensation for damages from extraordinary events","income",FALSE,"l10n_ua_psbo_chart_template"
"ua_psbp_752",752,"Other extraordinary incomes","income",FALSE,"l10n_ua_psbo_chart_template"
"ua_psbp_76",76,"Insurance refunds","income",FALSE,"l10n_ua_psbo_chart_template"
"ua_psbp_791",791,"Result of operational activity","income",FALSE,"l10n_ua_psbo_chart_template"
"ua_psbp_792",792,"Results of financial transactions","income",FALSE,"l10n_ua_psbo_chart_template"
"ua_psbp_793",793,"Result of other normal activities","income",FALSE,"l10n_ua_psbo_chart_template"
"ua_psbp_794",794,"(Not used) Extraordinary incomes","income",FALSE,"l10n_ua_psbo_chart_template"
"ua_psbp_801",801,"Costs of raw materials","expense",FALSE,"l10n_ua_psbo_chart_template"
"ua_psbp_802",802,"Costs of purchase of semi-finished products and components","expense",FALSE,"l10n_ua_psbo_chart_template"
"ua_psbp_803",803,"Fuel and energy consumption","expense",FALSE,"l10n_ua_psbo_chart_template"
"ua_psbp_804",804,"Costs of packing and packing materials","expense",FALSE,"l10n_ua_psbo_chart_template"
"ua_psbp_805",805,"Costs of buildings materials","expense",FALSE,"l10n_ua_psbo_chart_template"
"ua_psbp_806",806,"Costs of Spare parts","expense",FALSE,"l10n_ua_psbo_chart_template"
"ua_psbp_807",807,"Cost of agricultural materials","expense",FALSE,"l10n_ua_psbo_chart_template"
"ua_psbp_808",808,"Costs of goods","expense",FALSE,"l10n_ua_psbo_chart_template"
"ua_psbp_809",809,"Other material expenses","expense",FALSE,"l10n_ua_psbo_chart_template"
"ua_psbp_811",811,"Labor expenses","expense",FALSE,"l10n_ua_psbo_chart_template"
"ua_psbp_812",812,"Bonuses and incentives","expense",FALSE,"l10n_ua_psbo_chart_template"
"ua_psbp_813",813,"Compensation payments","expense",FALSE,"l10n_ua_psbo_chart_template"
"ua_psbp_814",814,"Vacation pay","expense",FALSE,"l10n_ua_psbo_chart_template"
"ua_psbp_815",815,"Payment of other unworked time","expense",FALSE,"l10n_ua_psbo_chart_template"
"ua_psbp_816",816,"Other costs to wages and salaries","expense",FALSE,"l10n_ua_psbo_chart_template"
"ua_psbp_821",821,"Payments for mandatory public social insurance","expense",FALSE,"l10n_ua_psbo_chart_template"
"ua_psbp_822",822,"Social insurance (not used)","expense",FALSE,"l10n_ua_psbo_chart_template"
"ua_psbp_823",823,"Unemployment insurance (not used)","expense",FALSE,"l10n_ua_psbo_chart_template"
"ua_psbp_824",824,"Payments for Individual insurance","expense",FALSE,"l10n_ua_psbo_chart_template"
"ua_psbp_831",831,"Depreciation of fixed assets","expense",FALSE,"l10n_ua_psbo_chart_template"
"ua_psbp_832",832,"Depreciation of other non-current tangible assets","expense",FALSE,"l10n_ua_psbo_chart_template"
"ua_psbp_833",833,"Intangible assets depreciation","expense",FALSE,"l10n_ua_psbo_chart_template"
"ua_psbp_84",84,"Other operating costs","expense",FALSE,"l10n_ua_psbo_chart_template"
"ua_psbp_851",851,"Other expenses by elements, income tax","expense",FALSE,"l10n_ua_psbo_chart_template"
"ua_psbp_852",852,"(Not used) Other expenses, extraordinary expenses","expense",FALSE,"l10n_ua_psbo_chart_template"
"ua_psbp_901",901,"Cost of the sold finished products","expense_direct_cost",FALSE,"l10n_ua_psbo_chart_template"
"ua_psbp_902",902,"Cost of goods sold","expense_direct_cost",FALSE,"l10n_ua_psbo_chart_template"
"ua_psbp_903",903,"Cost of realized work and services","expense_direct_cost",FALSE,"l10n_ua_psbo_chart_template"
"ua_psbp_904",904,"Insurance payments","expense_direct_cost",FALSE,"l10n_ua_psbo_chart_template"
"ua_psbp_91",91,"Production costs","expense",FALSE,"l10n_ua_psbo_chart_template"
"ua_psbp_92",92,"Administrative expenses","expense",FALSE,"l10n_ua_psbo_chart_template"
"ua_psbp_93",93,"Selling expenses","expense",FALSE,"l10n_ua_psbo_chart_template"
"ua_psbp_940",940,"Costs from initial recognition and from changes in the value of assets accounted for fair value","expense",FALSE,"l10n_ua_psbo_chart_template"
"ua_psbp_941",941,"Research and development costs","expense",FALSE,"l10n_ua_psbo_chart_template"
"ua_psbp_942",942,"Foreign currency exchange losses","expense",FALSE,"l10n_ua_psbo_chart_template"
"ua_psbp_943",943,"Cost of realized production stocks","expense",FALSE,"l10n_ua_psbo_chart_template"
"ua_psbp_944",944,"Doubtful and bad debts","expense",FALSE,"l10n_ua_psbo_chart_template"
"ua_psbp_945",945,"Loss from operational exchange rate difference","expense",FALSE,"l10n_ua_psbo_chart_template"
"ua_psbp_946",946,"Loss from stock value changes","expense",FALSE,"l10n_ua_psbo_chart_template"
"ua_psbp_947",947,"Shortages and losses from deterioration of values","expense",FALSE,"l10n_ua_psbo_chart_template"
"ua_psbp_948",948,"Recognized fines and penalties","expense",FALSE,"l10n_ua_psbo_chart_template"
"ua_psbp_949",949,"Other operating expenses","expense",FALSE,"l10n_ua_psbo_chart_template"
"ua_psbp_951",951,"Loan interests","expense",FALSE,"l10n_ua_psbo_chart_template"
"ua_psbp_952",952,"Other financial costs","expense",FALSE,"l10n_ua_psbo_chart_template"
"ua_psbp_961",961,"Losses from investment in associated enterprises","expense",FALSE,"l10n_ua_psbo_chart_template"
"ua_psbp_962",962,"Losses from joint activities","expense",FALSE,"l10n_ua_psbo_chart_template"
"ua_psbp_963",963,"Losses from investment in subsidiaries","expense",FALSE,"l10n_ua_psbo_chart_template"
"ua_psbp_970",970,"Changes in the value of financial investments","expense",FALSE,"l10n_ua_psbo_chart_template"
"ua_psbp_971",971,"Cost of realized financial investments","expense",FALSE,"l10n_ua_psbo_chart_template"
"ua_psbp_972",972,"Loss from assets value changes","expense",FALSE,"l10n_ua_psbo_chart_template"
"ua_psbp_973",973,"Cost of realized property complexes","expense",FALSE,"l10n_ua_psbo_chart_template"
"ua_psbp_974",974,"Loss from non-operational exchange rate difference","expense",FALSE,"l10n_ua_psbo_chart_template"
"ua_psbp_975",975,"Depreciation of fixed assets and financial investments","expense",FALSE,"l10n_ua_psbo_chart_template"
"ua_psbp_976",976,"Write off of non-current assets","expense",FALSE,"l10n_ua_psbo_chart_template"
"ua_psbp_977",977,"Other activity costs","expense",FALSE,"l10n_ua_psbo_chart_template"
"ua_psbp_981",981,"Income tax from all activities","expense",FALSE,"l10n_ua_psbo_chart_template"
"ua_ias_1000",1000,"Brand names","asset_fixed",FALSE,"l10n_ua_ias_chart_template"
"ua_ias_1001",1001,"Titles and names of publications","asset_fixed",FALSE,"l10n_ua_ias_chart_template"
"ua_ias_1002",1002,"Computer software","asset_fixed",FALSE,"l10n_ua_ias_chart_template"
"ua_ias_1003",1003,"Licenses and privileges","asset_fixed",FALSE,"l10n_ua_ias_chart_template"
"ua_ias_1004",1004,"Copyright, patents, and other rights","asset_fixed",FALSE,"l10n_ua_ias_chart_template"
"ua_ias_1005",1005,"Intangible assets at the development stage","asset_fixed",FALSE,"l10n_ua_ias_chart_template"
"ua_ias_1009",1009,"Intangible assets depreciation","expense_depreciation",FALSE,"l10n_ua_ias_chart_template"
"ua_ias_1010",1010,"Land","asset_fixed",FALSE,"l10n_ua_ias_chart_template"
"ua_ias_1011",1011,"Buildings","asset_fixed",FALSE,"l10n_ua_ias_chart_template"
"ua_ias_1012",1012,"Machines and equipment","asset_fixed",FALSE,"l10n_ua_ias_chart_template"
"ua_ias_1013",1013,"Cars","asset_fixed",FALSE,"l10n_ua_ias_chart_template"
"ua_ias_1014",1014,"Furniture and accessories","asset_fixed",FALSE,"l10n_ua_ias_chart_template"
"ua_ias_1015",1015,"Office equipment","asset_fixed",FALSE,"l10n_ua_ias_chart_template"
"ua_ias_1019",1019,"Depreciation of fixed assets","expense_depreciation",FALSE,"l10n_ua_ias_chart_template"
"ua_ias_1020",1020,"Goodwill","asset_fixed",FALSE,"l10n_ua_ias_chart_template"
"ua_ias_1030",1030,"Biological assets","asset_fixed",FALSE,"l10n_ua_ias_chart_template"
"ua_ias_1040",1040,"Investments","asset_fixed",FALSE,"l10n_ua_ias_chart_template"
"ua_ias_1100",1100,"Stocks (Warehouses)","asset_current",FALSE,"l10n_ua_ias_chart_template"
"ua_ias_1101",1101,"Work in progress products","asset_current",FALSE,"l10n_ua_ias_chart_template"
"ua_ias_1102",1102,"Finished goods","asset_current",FALSE,"l10n_ua_ias_chart_template"
"ua_ias_1120",1120,"Account receivable for goods and services","asset_receivable",TRUE,"l10n_ua_ias_chart_template"
"ua_ias_1121",1121,"Shipped from warehouse but unpaid","asset_current",TRUE,"l10n_ua_ias_chart_template"
"ua_ias_1122",1122,"Account receivable for goods and services (PoS)","asset_receivable",TRUE,"l10n_ua_ias_chart_template"
"ua_ias_1130",1130,"Advance to suppliers","liability_payable",TRUE,"l10n_ua_ias_chart_template"
"ua_ias_1131",1131,"Other current assets","liability_payable",TRUE,"l10n_ua_ias_chart_template"
"ua_ias_1140",1140,"Tax credit for VAT","asset_current",FALSE,"l10n_ua_ias_chart_template"
"ua_ias_1141",1141,"Advance on income tax","liability_payable",TRUE,"l10n_ua_ias_chart_template"
"ua_ias_1142",1142,"Cost on SEA VAT","liability_payable",TRUE,"l10n_ua_ias_chart_template"
"ua_ias_1143",1143,"Overpayment of VAT","asset_current",FALSE,"l10n_ua_ias_chart_template"
"ua_ias_1144",1144,"Advance on USC","liability_payable",TRUE,"l10n_ua_ias_chart_template"
"ua_ias_1150",1150,"Short-term financial investment","asset_current",FALSE,"l10n_ua_ias_chart_template"
"ua_ias_1160",1160,"Long-term investment","asset_non_current",FALSE,"l10n_ua_ias_chart_template"
"ua_ias_1170",1170,"Long-term receivables","asset_non_current",FALSE,"l10n_ua_ias_chart_template"
"ua_ias_1180",1180,"Deferred tax assets","asset_non_current",FALSE,"l10n_ua_ias_chart_template"
"ua_ias_1200",1200,"Credit debt for goods and services","liability_payable",TRUE,"l10n_ua_ias_chart_template"
"ua_ias_1201",1201,"Received in stock without invoice","liability_current",TRUE,"l10n_ua_ias_chart_template"
"ua_ias_1202",1202,"Income tax","liability_payable",TRUE,"l10n_ua_ias_chart_template"
"ua_ias_1203",1203,"VAT","liability_payable",TRUE,"l10n_ua_ias_chart_template"
"ua_ias_1204",1204,"Withholding Tax VAT","liability_current",FALSE,"l10n_ua_ias_chart_template"
"ua_ias_1205",1205,"Personal income tax","liability_payable",TRUE,"l10n_ua_ias_chart_template"
"ua_ias_12051",12051,"Military collection","liability_payable",TRUE,"l10n_ua_ias_chart_template"
"ua_ias_1206",1206,"Unified Social Contribution (USC)","liability_payable",TRUE,"l10n_ua_ias_chart_template"
"ua_ias_1207",1207,"Other taxes","liability_payable",TRUE,"l10n_ua_ias_chart_template"
"ua_ias_1208",1208,"Wages and rewards","liability_payable",TRUE,"l10n_ua_ias_chart_template"
"ua_ias_1210",1210,"Advances received from suppliers and customers","asset_receivable",TRUE,"l10n_ua_ias_chart_template"
"ua_ias_1220",1220,"Other short-term obligations","liability_current",FALSE,"l10n_ua_ias_chart_template"
"ua_ias_1230",1230,"Short-term loans","liability_current",FALSE,"l10n_ua_ias_chart_template"
"ua_ias_1240",1240,"Short-term interests of long-term loans","liability_current",FALSE,"l10n_ua_ias_chart_template"
"ua_ias_1300",1300,"Long-term loans","liability_non_current",FALSE,"l10n_ua_ias_chart_template"
"ua_ias_1301",1301,"Long-term credits","liability_non_current",FALSE,"l10n_ua_ias_chart_template"
"ua_ias_1302",1302,"Mortgage loans","liability_non_current",FALSE,"l10n_ua_ias_chart_template"
"ua_ias_1310",1310,"Deferred tax obligations","liability_non_current",FALSE,"l10n_ua_ias_chart_template"
"ua_ias_1320",1320,"Deferred expenses","liability_non_current",FALSE,"l10n_ua_ias_chart_template"
"ua_ias_1330",1330,"Other long-term loans","liability_non_current",FALSE,"l10n_ua_ias_chart_template"
"ua_ias_1400",1400,"Share capital","equity",FALSE,"l10n_ua_ias_chart_template"
"ua_ias_1401",1401,"Issued capital","equity",FALSE,"l10n_ua_ias_chart_template"
"ua_ias_1402",1402,"Withdrawn capital","equity",FALSE,"l10n_ua_ias_chart_template"
"ua_ias_1403",1403,"Additional paid-in capital","equity",FALSE,"l10n_ua_ias_chart_template"
"ua_ias_1404",1404,"Revaluation reserve","equity",FALSE,"l10n_ua_ias_chart_template"
"ua_ias_1405",1405,"Unpaid capital","equity",FALSE,"l10n_ua_ias_chart_template"
"ua_ias_1406",1406,"Undivided profit (uncovered losses)","equity",FALSE,"l10n_ua_ias_chart_template"
"ua_ias_1407",1407,"Minority share","equity",FALSE,"l10n_ua_ias_chart_template"
"ua_ias_1408",1408,"Exchange rate differences","equity",FALSE,"l10n_ua_ias_chart_template"
"ua_ias_2000",2000,"Revenue from Sale (Category No. 1)","income",FALSE,"l10n_ua_ias_chart_template"
"ua_ias_2001",2001,"Revenue from Sale (Category No. 2)","income",FALSE,"l10n_ua_ias_chart_template"
"ua_ias_2002",2002,"Revenue from Sale (Category No. 3)","income",FALSE,"l10n_ua_ias_chart_template"
"ua_ias_2003",2003,"Revenue from Sale (Category No. 4)","income",FALSE,"l10n_ua_ias_chart_template"
"ua_ias_2100",2100,"Financial results","equity_unaffected",FALSE,"l10n_ua_ias_chart_template"
"ua_ias_2200",2200,"Sales (Category No. 1)","expense_direct_cost",FALSE,"l10n_ua_ias_chart_template"
"ua_ias_2201",2201,"Sales (Category No. 2)","expense_direct_cost",FALSE,"l10n_ua_ias_chart_template"
"ua_ias_2202",2202,"Sales (Category No. 3)","expense_direct_cost",FALSE,"l10n_ua_ias_chart_template"
"ua_ias_2203",2203,"Sales (Category No. 4)","expense_direct_cost",FALSE,"l10n_ua_ias_chart_template"
"ua_ias_2300",2300,"Administrative expenses","expense",FALSE,"l10n_ua_ias_chart_template"
"ua_ias_2400",2400,"Selling expenses","expense",FALSE,"l10n_ua_ias_chart_template"
"ua_ias_2500",2500,"Other expenses","expense",FALSE,"l10n_ua_ias_chart_template"
"ua_ias_2600",2600,"Income tax","expense",FALSE,"l10n_ua_ias_chart_template"
