"id","code","name","account_type","reconcile","tag_ids","name@fi"
"account_1020","1020","Development costs","asset_non_current","False","l10n_fi.account_tag_development_costs","Kehittämismenot"
"account_1021","1021","Development costs","asset_non_current","False","l10n_fi.account_tag_development_costs","Kehittämismenot"
"account_1030","1030","Immaterial rights","asset_non_current","False","l10n_fi.account_tag_immaterial_rights","Aineettomat oikeudet"
"account_1031","1031","Patents","asset_non_current","False","l10n_fi.account_tag_immaterial_rights","Patentit"
"account_1033","1033","Copyrights","asset_non_current","False","l10n_fi.account_tag_immaterial_rights","Tekijänoikeudet"
"account_1035","1035","Trademarks","asset_non_current","False","l10n_fi.account_tag_immaterial_rights","Tavaramerkkioikeudet"
"account_1037","1037","License fees","asset_non_current","False","l10n_fi.account_tag_immaterial_rights","Lisenssimaksut"
"account_1039","1039","Concession rights","asset_non_current","False","l10n_fi.account_tag_immaterial_rights","Toimilupaoikeudet"
"account_1041","1041","License fees, computer programmes","asset_non_current","False","l10n_fi.account_tag_immaterial_rights","Atk-ohjelmien lisenssimaksut"
"account_1043","1043","Telephone connections","asset_non_current","False","l10n_fi.account_tag_immaterial_rights","Puhelinliittymät"
"account_1045","1045","Alarm connections","asset_non_current","False","l10n_fi.account_tag_immaterial_rights","Hälytysliittymät"
"account_1049","1049","Other intangible rights","asset_non_current","False","l10n_fi.account_tag_immaterial_rights","Muut aineettomat oikeudet"
"account_1050","1050","Goodwill","asset_non_current","False","l10n_fi.account_tag_goodwill","Liikearvo"
"account_1051","1051","Goodwill","asset_non_current","False","l10n_fi.account_tag_goodwill","Liikearvo"
"account_1055","1055","Merger account","asset_non_current","False","l10n_fi.account_tag_goodwill","Fuusiotili"
"account_1057","1057","Goodwill, merger","asset_non_current","False","l10n_fi.account_tag_goodwill","Fuusioaktiiva"
"account_1060","1060","Group goodwill","asset_non_current","False","l10n_fi.account_tag_goodwill","Konserniliikearvo"
"account_1061","1061","Group goodwill","asset_non_current","False","l10n_fi.account_tag_goodwill","Konserniliikearvo"
"account_1070","1070","Other long term expenses","asset_non_current","False","l10n_fi.account_tag_other_long_term_expenses","Muut pitkävaikutteiset menot"
"account_1071","1071","Advertising and marketing research expenses","asset_non_current","False","l10n_fi.account_tag_other_long_term_expenses","Mainos- ja markkinatutkimusmenot"
"account_1073","1073","Improvement expenses, owner flat","asset_non_current","False","l10n_fi.account_tag_other_long_term_expenses","Osakehuoneiston perusparannusmenot"
"account_1075","1075","Improvement expenses, rented flat","asset_non_current","False","l10n_fi.account_tag_other_long_term_expenses","Vuokrahuoneiston perusparannusmenot"
"account_1081","1081","Computer programmes","asset_non_current","False","l10n_fi.account_tag_other_long_term_expenses","Atk-ohjelmat"
"account_1089","1089","Other capitalised long-term expenses","asset_non_current","False","l10n_fi.account_tag_other_long_term_expenses","Muut pitkävaikutteiset menot"
"account_1090","1090","Advance payments for intangible assets","asset_non_current","False","l10n_fi.account_tag_advance_payments_intangible","Ennakkomaksut aineettomista hyödykkeistä"
"account_1091","1091","Advance payments for intangible assets","asset_non_current","False","l10n_fi.account_tag_advance_payments_intangible","Ennakkomaksut aineettomista hyödykkeistä"
"account_1100","1100","Land and water areas","asset_non_current","False","l10n_fi.account_tag_land_and_water_areas_owned","Maa- ja vesialueet"
"account_1101","1101","Land and water areas","asset_non_current","False","l10n_fi.account_tag_land_and_water_areas_owned","Maa- ja vesialueet"
"account_1105","1105","Connection charges","asset_non_current","False","l10n_fi.account_tag_land_and_water_areas_owned","Liittymismaksut"
"account_1109","1109","Revaluation, land and waters","asset_non_current","False","l10n_fi.account_tag_land_and_water_areas_owned","Arvonkorotukset maa- ja vesialueista"
"account_1111","1111","Right of tenancy","asset_non_current","False","","Maanvuokraoikeudet"
"account_1113","1113","Connection charges, leased real estate","asset_non_current","False","","Liittymismaksut vuokrakiinteistöistä"
"account_1120","1120","Buildings and structures","asset_non_current","False","l10n_fi.account_tag_buildings_owned","Rakennukset ja rakennelmat"
"account_1121","1121","Buildings 7% depreciation","asset_non_current","False","l10n_fi.account_tag_buildings_owned","Rakennukset 7% menojäännöspoisto"
"account_1125","1125","Buildings 4% depreciation","asset_non_current","False","l10n_fi.account_tag_buildings_owned","Rakennukset 4% menojäännöspoisto"
"account_1131","1131","Equipment in buildings 25% depreciation","asset_non_current","False","l10n_fi.account_tag_buildings_owned","Rakennusten tekniset laitteet 25% menojäännöspoisto"
"account_1135","1135","Air raid shelter etc. max 25% straight line depreciation","asset_non_current","False","l10n_fi.account_tag_buildings_owned","Väestönsuojat ym. max. 25% tasapoisto"
"account_1141","1141","Structures 20% depreciation","asset_non_current","False","l10n_fi.account_tag_buildings_owned","Rakennelmat 20% menojäännöspoisto"
"account_1143","1143","Other buildings and structures","asset_non_current","False","l10n_fi.account_tag_buildings_owned","Muut rakennukset ja rakennelmat"
"account_1145","1145","Revaluation (old buildings)","asset_non_current","False","l10n_fi.account_tag_buildings_owned","Arvonkorotukset (vanhat rakennuksista tehdyt)"
"account_1151","1151","Right of tenancy, buildings","asset_non_current","False","l10n_fi.account_tag_buildings_owned","Rakennusten vuokraoikeudet"
"account_1160","1160","Machines and hardware","asset_non_current","False","l10n_fi.account_tag_machines_and_hardware","Koneet ja kalusto"
"account_1161","1161","Machines and hardware","asset_non_current","False","l10n_fi.account_tag_machines_and_hardware","Koneet ja laitteet"
"account_1165","1165","Machinery and equipment, production","asset_non_current","False","l10n_fi.account_tag_machines_and_hardware","Tuotannon koneet ja laitteet"
"account_1166","1166","Production equipment and machinery 25% residual depreciation","asset_non_current","False","l10n_fi.account_tag_machines_and_hardware","Tuotannon laitteet ja koneet 25% menojäännöspoisto"
"account_1173","1173","Cars","asset_non_current","False","l10n_fi.account_tag_machines_and_hardware","Henkilöautot"
"account_1175","1175","Cars for business use","asset_non_current","False","l10n_fi.account_tag_machines_and_hardware","Ammattiautot"
"account_1179","1179","Other vehicles and vessels","asset_non_current","False","l10n_fi.account_tag_machines_and_hardware","Muut ajoneuvot ja alukset"
"account_1201","1201","Furniture and other movables","asset_non_current","False","l10n_fi.account_tag_machines_and_hardware","Kalusto ja muu irtain"
"account_1209","1209","Furniture to be hired out","asset_non_current","False","l10n_fi.account_tag_machines_and_hardware","Vuokrattava kalusto"
"account_1211","1211","Furniture and other movables, holiday residence","asset_non_current","False","l10n_fi.account_tag_machines_and_hardware","Vapaa-ajan asuntojen kalusto ja muu irtaimisto"
"account_1213","1213","Furniture and other movables, employer dwelling","asset_non_current","False","l10n_fi.account_tag_machines_and_hardware","Työsuhdeasuntojen kalusto ja muu irtaimisto"
"account_1241","1241","Non-used machinery and equipment","asset_non_current","False","l10n_fi.account_tag_machines_and_hardware","Käyttöönottamattomat koneet ja kalusto"
"account_1249","1249","Other machinery and equipment","asset_non_current","False","l10n_fi.account_tag_machines_and_hardware","Muut koneet ja kalusto"
"account_1300","1300","Other tangible assets","asset_non_current","False","l10n_fi.account_tag_other_tangible_assets","Muut aineelliset hyödykkeet"
"account_1301","1301","Soil resources","asset_non_current","False","l10n_fi.account_tag_other_tangible_assets","Maa-ainesten ottopaikat"
"account_1303","1303","Land and water constructions","asset_non_current","False","l10n_fi.account_tag_other_tangible_assets","Maa- ja vesirakennukset"
"account_1305","1305","Asphalt surfaces","asset_non_current","False","l10n_fi.account_tag_other_tangible_assets","Piha-asfaltit"
"account_1315","1315","Living fixed assets","asset_non_current","False","l10n_fi.account_tag_other_tangible_assets","Elävä käyttöomaisuus"
"account_1329","1329","Other intangible assets, depreciable","asset_non_current","False","l10n_fi.account_tag_other_tangible_assets","Muut poistokelpoiset aineelliset hyödykkeet"
"account_1331","1331","Art objects","asset_non_current","False","l10n_fi.account_tag_other_tangible_assets","Muut poistokelpoiset aineelliset hyödykkeet"
"account_1335","1335","Collection objects","asset_non_current","False","l10n_fi.account_tag_other_tangible_assets","Keräilyhyödykkeet"
"account_1339","1339","Other tangible assets, non-depreciable","asset_non_current","False","l10n_fi.account_tag_other_tangible_assets","Muut aineelliset hyödykkeet (ei poistokelpoiset)"
"account_1380","1380","Advance payments and unfinished purchases","asset_non_current","False","l10n_fi.account_tag_payments_on_account_tangible","Ennakkomaksut ja keskeneräiset hankinnat"
"account_1381","1381","Advance payments, tangible assets","asset_non_current","False","l10n_fi.account_tag_payments_on_account_tangible","Ennakkomaksut aineellisista hyödykkeistä"
"account_1391","1391","Acquiring of fixed assets,construction in progress","asset_non_current","False","l10n_fi.account_tag_payments_on_account_tangible","Keskeneräiset käyttöomaisuushankinnat"
"account_1400","1400","Shares in companies of the same group","asset_non_current","False","l10n_fi.account_tag_shares_in_group_companies","Osuudet saman konsernin yrityksissä"
"account_1401","1401","Daughter company shares","asset_non_current","False","l10n_fi.account_tag_shares_in_group_companies","Tytäryritysten osakkeet"
"account_1403","1403","Parent company shares","asset_non_current","False","l10n_fi.account_tag_shares_in_group_companies","Emoyrityksen osakkeet"
"account_1405","1405","Sister company shares","asset_non_current","False","l10n_fi.account_tag_shares_in_group_companies","Sisaryritysten osakkeet"
"account_1407","1407","Other group holdings","asset_non_current","False","l10n_fi.account_tag_shares_in_group_companies","Muut konserniosuudet"
"account_1409","1409","Revaluation, group holdings","asset_non_current","False","l10n_fi.account_tag_shares_in_group_companies","Arvonkorotus konserniosuuksista"
"account_1410","1410","Receivables from companies of the same group","asset_non_current","False","l10n_fi.account_tag_receivables_from_group_long-term","Saamiset saman konsernin yrityksiltä"
"account_1411","1411","Long-term receivables from group companies","asset_non_current","False","l10n_fi.account_tag_receivables_from_group_long-term","Pitkäaikaiset saamiset saman konsernin yrityksiltä"
"account_1413","1413","Capital loans given to group companies","asset_non_current","False","l10n_fi.account_tag_receivables_from_group_long-term","Konserniyrityksille annetut pääomalainat"
"account_1420","1420","Shares in joint ventures","asset_non_current","False","l10n_fi.account_tag_shares_in_associated_companies","Osuudet omistusyhteysyrityksissä"
"account_1421","1421","Shares in associated undertaking","asset_non_current","False","l10n_fi.account_tag_shares_in_associated_companies","Osakkuusyritysten osakkeet"
"account_1423","1423","Right of ownership in association undertaking","asset_non_current","False","l10n_fi.account_tag_shares_in_associated_companies"," Osakkuusyritysosuudet"
"account_1425","1425","Shares in participating interests undertaking","asset_non_current","False","l10n_fi.account_tag_shares_in_associated_companies","Muut omistusyhteysyritysosakkeet"
"account_1427","1427","Right of ownership in participating interests undertaking","asset_non_current","False","l10n_fi.account_tag_shares_in_associated_companies","Muut omistusyhteysyritysosuudet"
"account_1429","1429","Revaluation, participating interests","asset_non_current","False","l10n_fi.account_tag_shares_in_associated_companies","Arvonkorotus omistusyhteysyritysosuuksista"
"account_1430","1430","Long-term receivables from affiliated companies","asset_non_current","False","l10n_fi.account_tag_receivables_from_associated_companies_non-current","Pitkäaikaiset saamiset omistusyhteysyrityksiltä"
"account_1431","1431","Long-term receivables from participating interests undertaking","asset_non_current","False","l10n_fi.account_tag_receivables_from_associated_companies_non-current","Pitkäaikaiset saamiset omistusyhteysyrityksiltä"
"account_1440","1440","Other shares and participations","asset_non_current","False","l10n_fi.account_tag_other_shares_and_participations","Muut osakkeet ja osuudet"
"account_1441","1441","Shares, owner flat","asset_non_current","False","l10n_fi.account_tag_other_shares_and_participations","Huoneisto-osakkeet"
"account_1447","1447","Shares in listed companies","asset_non_current","False","l10n_fi.account_tag_other_shares_and_participations","Pörssiosakkeet"
"account_1453","1453","Other shares","asset_non_current","False","l10n_fi.account_tag_other_shares_and_participations","Muut osakkeet"
"account_1457","1457","Right of ownership, bank","asset_non_current","False","l10n_fi.account_tag_other_shares_and_participations","Pankkiosuudet"
"account_1461","1461","Right of ownership, investment fund","asset_non_current","False","l10n_fi.account_tag_other_shares_and_participations","Sijoitusrahasto-osuudet"
"account_1465","1465","Right of ownership, telephone","asset_non_current","False","l10n_fi.account_tag_other_shares_and_participations","Puhelinosuudet"
"account_1467","1467","Other rights of ownership","asset_non_current","False","l10n_fi.account_tag_other_shares_and_participations","Muut osuudet"
"account_1469","1469","Revaluation, other shares","asset_non_current","False","l10n_fi.account_tag_other_shares_and_participations","Arvonkorotus muista  osakkeista ja osuuksista"
"account_1470","1470","Other long-term receivables","asset_non_current","False","l10n_fi.account_tag_other_long-term_receivables","Muut pitkäaikaiset saamiset"
"account_1471","1471","Long-term loan receivables","asset_non_current","False","l10n_fi.account_tag_other_long-term_receivables","Pitkäaikaiset lainasaamiset"
"account_1473","1473","Long-term bonds","asset_non_current","False","l10n_fi.account_tag_other_long-term_receivables","Pitkäaikaiset joukkovelkakirjalainat"
"account_1475","1475","Long-term certificates of receivables","asset_non_current","False","l10n_fi.account_tag_other_long-term_receivables","Pitkäaikaiset saamistodistukset"
"account_1477","1477","Long-term option loans","asset_non_current","False","l10n_fi.account_tag_other_long-term_receivables","Pitkäaikaiset optiolainat"
"account_1479","1479","Long-term convertible bonds","asset_non_current","False","l10n_fi.account_tag_other_long-term_receivables","Pitkäaikaiset vaihtovelkakirjalainat"
"account_1481","1483","Long-term loanswith no interest","asset_non_current","False","l10n_fi.account_tag_other_long-term_receivables","Pitkäaikaiset nollakorkolainat"
"account_1483","1483","Connection charges, receivables","asset_non_current","False","l10n_fi.account_tag_other_long-term_receivables","Liittymismaksusaamiset"
"account_1489","1489","Other long-term receivables","asset_non_current","False","l10n_fi.account_tag_other_long-term_receivables","Muut pitkäaikaiset saamiset"
"account_1500","1500","Materials and supplies","asset_current","False","l10n_fi.account_tag_materials_and_supplies_inventories","Aineet ja tarvikkeet"
"account_1501","1501","Raw materials and consumables","asset_current","False","l10n_fi.account_tag_materials_and_supplies_inventories","Aineet ja tarvikkeet"
"account_1510","1510","Unfinished products","asset_current","False","l10n_fi.account_tag_work_in_progress","Keskeneräiset tuotteet"
"account_1511","1511","Work in progress","asset_current","False","l10n_fi.account_tag_work_in_progress","Keskeneräiset tuotteet"
"account_1520","1520","Finished products","asset_current","False","l10n_fi.account_tag_finished_goods_inventories","Valmiit tuotteet"
"account_1521","1521","Finished products","asset_current","False","l10n_fi.account_tag_finished_goods_inventories","Valmiit tuotteet"
"account_1530","1530","Goods","asset_current","False","l10n_fi.account_tag_goods_in_transit","Tavarat"
"account_1531","1531","Goods","asset_current","False","l10n_fi.account_tag_goods_in_transit","Tavarat"
"account_1533","1533","Goods in transit","asset_current","False","l10n_fi.account_tag_goods_in_transit","Matkalla olevat tavarat"
"account_1540","1540","Other inventory","asset_current","False","l10n_fi.account_tag_other_current_assets","Muu vaihto-omaisuus"
"account_1541","1541","Real estates","asset_current","False","l10n_fi.account_tag_other_current_assets","Kiinteistöt"
"account_1543","1549","Securities","asset_current","False","l10n_fi.account_tag_other_current_assets","Arvopaperit"
"account_1549","1549","Other inventories","asset_current","False","l10n_fi.account_tag_other_current_assets","Muu vaihto-omaisuus"
"account_1550","1550","Advance payments for inventory","asset_current","False","l10n_fi.account_tag_advance_payments_for_property","Ennakkomaksut vaihto-omaisuudesta"
"account_1551","1551","Advance payments stocks","asset_current","False","l10n_fi.account_tag_advance_payments_for_property","Ennakkomaksut vaihto-omaisuudesta"
"account_1600","1600","Long-term trade receivables","asset_receivable","True","l10n_fi.account_tag_trade_receivables_long-term","Pitkäaikaiset myyntisaamiset"
"account_1601","1601","Long-term trade debtors","asset_receivable","True","l10n_fi.account_tag_trade_receivables_long-term","Pitkäaikaiset myyntisaamiset"
"account_1621","1621","Long-term trade debtors, foreign currency","asset_receivable","True","l10n_fi.account_tag_trade_receivables_long-term","Pitkäaikaiset valuuttamääräiset myyntisaamiset"
"account_1623","1623","Long-term receivables from hire purchases","asset_receivable","True","l10n_fi.account_tag_trade_receivables_long-term","Pitkäaikaiset osamaksusaamiset"
"account_1630","1630","Receivables from companies of the same group, long-term","asset_receivable","True","l10n_fi.account_tag_receivables_from_group_long-term","Saamiset saman konsernin yrityksiltä, pitkäaikaiset"
"account_1631","1631","Long-term trade debtors, group companies, long-term","asset_receivable","True","l10n_fi.account_tag_receivables_from_group_long-term","Pitkäaikaiset konsernimyyntisaamiset"
"account_1633","1633","Receivables from companies of the same group, long-term","asset_receivable","True","l10n_fi.account_tag_receivables_from_group_long-term","Pitkäaikaiset konsernisiirtosaamiset"
"account_1635","1635","Receivables from companies of the same group, long-term","asset_receivable","True","l10n_fi.account_tag_receivables_from_group_long-term","Pitkäaikaiset konsernilainasaamiset"
"account_1639","1639","Receivables from companies of the same group, long-term","asset_receivable","True","l10n_fi.account_tag_receivables_from_group_long-term","Pitkäaikaiset muut konsernisaamiset"
"account_1640","1640","Receivables from associated companies, long-term","asset_receivable","True","l10n_fi.account_tag_receivables_from_associated_companies_non-current","Saamiset omistusyhteysyrityksiltä, pitkäaikaiset"
"account_1641","1641","Receivables from associated companies, long-term","asset_receivable","True","l10n_fi.account_tag_receivables_from_associated_companies_non-current","Saamiset omistusyhteysyrityksiltä, pitkäaikaiset"
"account_1643","1643","Receivables from associated companies, long-term","asset_receivable","True","l10n_fi.account_tag_receivables_from_associated_companies_non-current","Saamiset omistusyhteysyrityksiltä, pitkäaikaiset"
"account_1649","1649","Receivables from associated companies, long-term","asset_receivable","True","l10n_fi.account_tag_receivables_from_associated_companies_non-current","Saamiset omistusyhteysyrityksiltä, pitkäaikaiset"
"account_1650","1650","Loan receivables, long-term","asset_receivable","True","l10n_fi.account_tag_loan_receivables_long-term","Lainasaamiset, pitkäaikaiset"
"account_1651","1651","Long-term receivables from employees","asset_receivable","True","l10n_fi.account_tag_loan_receivables_long-term","Pitkäaikaiset saamiset työntekijöiltä"
"account_1653","1653","Long-term receivables from management","asset_receivable","True","l10n_fi.account_tag_loan_receivables_long-term","Pitkäaikaiset saamiset johdolta"
"account_1655","1655","Long-term receivables from shareholders","asset_receivable","True","l10n_fi.account_tag_loan_receivables_long-term","Pitkäaikaiset saamiset osakkailta ja omaisilta"
"account_1656","1656","Long-term receivables from shareholders (taxable)","asset_receivable","True","l10n_fi.account_tag_loan_receivables_long-term","Pitkäaikaiset saamiset osakkailta ja omaisilta (veronalaiset)"
"account_1657","1657","Other long-term loans, immediate circle","asset_receivable","True","l10n_fi.account_tag_loan_receivables_long-term","Pitkäaik muut lähipiirilainat"
"account_1659","1659","Other long-term loan receivables","asset_receivable","True","l10n_fi.account_tag_loan_receivables_long-term","Pitkäaik muut lainasaamiset"
"account_1660","1660","Other receivables, long-term","asset_receivable","True","l10n_fi.account_tag_other_long-term_receivables","Muut saamiset, pitkäaikaiset"
"account_1665","1665","Long-term security deposits","asset_receivable","True","l10n_fi.account_tag_other_long-term_receivables","Pitkäaik vakuustalletukset"
"account_1667","1667","Paid long-term rental securities","asset_receivable","True","l10n_fi.account_tag_other_long-term_receivables","Pitkäaik maksetut vuokravakuudet"
"account_1669","1669","Other long-term debtors","asset_receivable","True","l10n_fi.account_tag_other_long-term_receivables","Pitkäaik muut saamiset"
"account_1670","1670","Long-term unpaid shares / units","asset_receivable","True","l10n_fi.account_tag_unpaid_shares_of_long-term","Pitkäaikaiset maksamattomat osakkeet / osuudet"
"account_1671","1671","Subscribed capital unpaid","asset_receivable","True","l10n_fi.account_tag_unpaid_shares_of_long-term","Pitkäaik. maksamattomat osakkeet/osuudet"
"account_1680","1680","Long-term accruals","asset_receivable","True","l10n_fi.account_tag_prepaid_expenses_and_long-term","Pitkäaikaiset siirtosaamiset"
"account_1681","1681","Long-term prepayments and accrued income","asset_receivable","True","l10n_fi.account_tag_prepaid_expenses_and_long-term","Pitkäaik siirtosaamiset"
"account_1690","1690","Long-term deferred tax assets","asset_receivable","True","l10n_fi.account_tag_deferred_tax_assets_are_long-term","Pitkäaikaiset laskennalliset verosaamiset"
"account_1691","1691","Deferred tax assets","asset_receivable","True","l10n_fi.account_tag_deferred_tax_assets_are_long-term","Pitkäaik. laskennalliset verosaamiset"
"account_1700","1700","Accounts receivable","asset_receivable","True","l10n_fi.account_tag_accounts_receivable","Myyntisaamiset"
"account_1701","1701","Accounts receivable (point of sale)","asset_receivable","True","l10n_fi.account_tag_accounts_receivable","Myyntisaamiset (myyntipiste)"
"account_1702","1702","Trade debtors 2","asset_receivable","True","l10n_fi.account_tag_accounts_receivable","Myyntisaamiset 2"
"account_1703","1703","Trade debtors 3","asset_receivable","True","l10n_fi.account_tag_accounts_receivable","Myyntisaamiset 3"
"account_1705","1705","Shop receivables","asset_receivable","True","l10n_fi.account_tag_accounts_receivable","Myymäläsaamiset"
"account_1707","1707","Commission receivables","asset_receivable","True","l10n_fi.account_tag_accounts_receivable","Provisiosaamiset"
"account_1710","1710","Accounts receivable old system","asset_receivable","True","l10n_fi.account_tag_accounts_receivable","Myyntisaamiset vanha järjestelmä"
"account_1711","1711","Credit card receivables","asset_receivable","True","l10n_fi.account_tag_accounts_receivable","Luottokorttisaamiset"
"account_1713","1713","Bank card receivables","asset_receivable","True","l10n_fi.account_tag_accounts_receivable","Pankkikorttisaamiset"
"account_1715","1715","Sales receivables, advance invoices","asset_receivable","True","l10n_fi.account_tag_accounts_receivable","Myyntisaamiset ennakkolaskuista"
"account_1717","1717","Factoring receivables in transit","asset_receivable","True","l10n_fi.account_tag_accounts_receivable","Factoring-myyntisaamiset matkalla"
"account_1718","1718","Factoring receivables, invoicing account","asset_receivable","True","l10n_fi.account_tag_accounts_receivable","Factoring-myyntisaamiset laskutili"
"account_1719","1719","Factoring receivables, hire purchases","asset_receivable","True","l10n_fi.account_tag_accounts_receivable","Factoring-osamaksusaamiset"
"account_1720","1720","Card receivables","asset_receivable","True","l10n_fi.account_tag_accounts_receivable","Korttisaamiset"
"account_1721","1721","Sales receivables in foreign currency","asset_receivable","True","l10n_fi.account_tag_accounts_receivable","Myyntisaamiset, valuuttamääräiset"
"account_1723","1723","Receivables from hire purchases","asset_receivable","True","l10n_fi.account_tag_accounts_receivable","Osamaksusaamiset"
"account_1727","1727","Adjusting sales receivables/clearing account","asset_receivable","True","l10n_fi.account_tag_accounts_receivable","Siirtyvät myyntisaamiset/selvittelytili"
"account_1729","1729","Other sales receivables","asset_receivable","True","l10n_fi.account_tag_accounts_receivable","Muut myyntisaamiset"
"account_1730","1730","Receivables from companies of the same group, short-term","asset_receivable","True","l10n_fi.account_tag_receivables_from_group","Saamiset saman konsernin yrityksiltä, lyhytaikaiset"
"account_1731","1731","Trade debtors, group companies","asset_receivable","True","l10n_fi.account_tag_receivables_from_group","Konsernimyyntisaamiset"
"account_1733","1733","Prepaymayment and accrued income, group companies","asset_receivable","True","l10n_fi.account_tag_receivables_from_group","Konsernisiirtosaamiset"
"account_1735","1735","Loan receivables, group companies","asset_receivable","True","l10n_fi.account_tag_receivables_from_group","Konsernilainasaamiset"
"account_1739","1739","Other receivables, group companies","asset_receivable","True","l10n_fi.account_tag_receivables_from_group","Muut konsernisaamiset"
"account_1740","1740","Receivables from affiliated companies, short-term","asset_receivable","True","l10n_fi.account_tag_receivables_from_associated_companies","Saamiset omistusyhteysyrityksiltä, lyhytaikaiset"
"account_1741","1741","Trade debtors, participating interests undertaking","asset_receivable","True","l10n_fi.account_tag_receivables_from_associated_companies","Omistusyhteysyritysmyyntisaamiset"
"account_1743","1743","Prepayment and accrued income, participating interests undertaking","asset_receivable","True","l10n_fi.account_tag_receivables_from_associated_companies","Omistusyhteysyrityssiirtosaamiset"
"account_1745","1745","Loan receivables, participating interests undertaking","asset_receivable","True","l10n_fi.account_tag_receivables_from_associated_companies","Omistusyhteysyrityslainasaamiset"
"account_1749","1749","Other receivables, participating interests undertaking","asset_receivable","True","l10n_fi.account_tag_receivables_from_associated_companies","Muut omistusyhteysyrityssaamiset"
"account_1750","1750","Loan receivables, short-term","asset_receivable","True","l10n_fi.account_tag_loans","Lainasaamiset, lyhytaikaiset"
"account_1751","1751","Loan receivables, short-term","asset_receivable","True","l10n_fi.account_tag_loans","Saamiset työntekijöiltä"
"account_1753","1753","Loan receivables, short-term","asset_receivable","True","l10n_fi.account_tag_loans","Saamiset johdolta"
"account_1755","1755","Loan receivables, short-term","asset_receivable","True","l10n_fi.account_tag_loans","Saamiset osakkailta ja omaisilta"
"account_1756","1756","Loan receivables, short-term","asset_receivable","True","l10n_fi.account_tag_loans","Saamiset osakkailta ja omaisilta (veronalaiset)"
"account_1757","1757","Loan receivables, short-term","asset_receivable","True","l10n_fi.account_tag_loans","Muut lähipiirilainat"
"account_1759","1759","Loan receivables, short-term","asset_receivable","True","l10n_fi.account_tag_loans","Muut lainasaamiset"
"account_1760","1760","Other receivables, short-term","asset_receivable","True","l10n_fi.account_tag_other_receivables","Muut saamiset, lyhytaikaiset"
"account_1761","1761","Tax receivables","asset_receivable","True","l10n_fi.account_tag_other_receivables","Verosaamiset"
"account_1762","1762","Tax account receivables","asset_receivable","True","l10n_fi.account_tag_other_receivables","Verotilisaamiset"
"account_1763","1763","VAT receivables","asset_receivable","True","l10n_fi.account_tag_other_receivables","Arvonlisäverosaamiset"
"account_1764","1764","VAT return receivables","asset_receivable","True","l10n_fi.account_tag_other_receivables","Arvonlisäveron palautussaamiset"
"account_1765","1765","Security deposits","asset_current","True","l10n_fi.account_tag_other_receivables","Vakuustalletukset"
"account_1767","1767","Paid rental securities","asset_current","True","l10n_fi.account_tag_other_receivables","Maksetut vuokravakuudet"
"account_1769","1769","Expense advances to employees","asset_current","True","l10n_fi.account_tag_other_receivables","Kuluennakot työntekijöille"
"account_1775","1775","Receivables, compensation for damages","asset_current","True","l10n_fi.account_tag_other_receivables","Vahingonkorvaussaamiset"
"account_1777","1777","Clearing account","asset_current","False","l10n_fi.account_tag_other_receivables","Selvittelytili"
"account_1779","1779","Other receivables","asset_current","True","l10n_fi.account_tag_other_receivables","Muut saamiset"
"account_1780","1780","Unpaid shares / units, short-term","asset_current","False","l10n_fi.account_tag_unpaid_contributions","Maksamattomat osakkeet / osuudet, lyhytaikaiset"
"account_1781","1781","Subscribed shares unpaid, short-term","asset_current","False","l10n_fi.account_tag_unpaid_contributions","Osakemerkintäsaamiset"
"account_1783","1783","Unpaid right of ownership, short-term","asset_current","False","l10n_fi.account_tag_unpaid_contributions","Maksamattomat osuudet"
"account_1800","1800","Accruals, short-term","asset_current","False","l10n_fi.account_tag_prepayments_and_accrued_income","Siirtosaamiset, lyhytaikaiset"
"account_1801","1801","Salary expenses (prepayment)","asset_current","False","l10n_fi.account_tag_prepayments_and_accrued_income","Palkkamenot (siirtosaamiset)"
"account_1803","1803","Pension insurance expenses (prepayment)","asset_current","False","l10n_fi.account_tag_prepayments_and_accrued_income","Eläkevakuutusmaksut (siirtosaamiset)"
"account_1804","1804","Social security expenses (prepayment)","asset_current","False","l10n_fi.account_tag_prepayments_and_accrued_income","Sosiaaliturvamaksut (siirtosaamiset)"
"account_1805","1805","Employers statutory insurance premium (prepayment)","asset_current","False","l10n_fi.account_tag_prepayments_and_accrued_income","Työnantajan pakolliset vakuutusmaksut (siirtosaamiset)"
"account_1809","1809","Renting expenses (prepayment)","asset_current","False","l10n_fi.account_tag_prepayments_and_accrued_income","Vuokramenot (siirtosaamiset)"
"account_1811","1811","Interest payable (prepayment)","asset_current","False","l10n_fi.account_tag_prepayments_and_accrued_income","Korkomenot (siirtosaamiset)"
"account_1813","1813","Income tax (prepayment)","asset_current","False","l10n_fi.account_tag_prepayments_and_accrued_income","Tuloverot (siirtosaamiset)"
"account_1819","1819","Other prepaid expenses (prepayment)","asset_current","False","l10n_fi.account_tag_prepayments_and_accrued_income","Muut menoennakot (siirtosaamiset)"
"account_1831","1831","Renting income (prepayment)","asset_current","False","l10n_fi.account_tag_prepayments_and_accrued_income","Vuokratulot (siirtosaamiset)"
"account_1833","1833","Interest income (prepayment)","asset_current","False","l10n_fi.account_tag_prepayments_and_accrued_income","Korkotulot (siirtosaamiset)"
"account_1837","1837","Income based on degree of manufacturing (prepayment)","asset_current","False","l10n_fi.account_tag_prepayments_and_accrued_income","Valmistusasteen mukaiset tulot (siirtosaamiset)"
"account_1839","1839","Other accrued income","asset_current","False","l10n_fi.account_tag_prepayments_and_accrued_income","Muut tulojäämät (siirtosaamiset)"
"account_1840","1840","Accrual of expenses","asset_current","False","l10n_fi.account_tag_prepayments_and_accrued_income","Jaksotetut menot"
"account_1841","1841","Discount on purchases (prepayment)","asset_current","False","l10n_fi.account_tag_prepayments_and_accrued_income","Ostojen alennukset (siirtosaamiset)"
"account_1843","1843","Estimated exchange rate loss (prepayment)","asset_current","False","l10n_fi.account_tag_prepayments_and_accrued_income","Laskennalliset kurssitappiot (siirtosaamiset)"
"account_1845","1845","VAT prepayment on advance payments","asset_current","False","l10n_fi.account_tag_prepayments_and_accrued_income","Arvonlisäverosaamiset ennakkomaksuista (siirtosaamiset)"
"account_1848","1848","Marg VAT estimated receivables","asset_current","False","l10n_fi.account_tag_prepayments_and_accrued_income","Marginaaliveromenettelyn laskennallinen alv-saaminen (siirtosaamiset)"
"account_1849","1849","Other prepayments and accrued income","asset_current","False","l10n_fi.account_tag_prepayments_and_accrued_income","Muut siirtosaamiset"
"account_1850","1850","Deferred tax assets","asset_current","False","l10n_fi.account_tag_deferred_tax_assets","Laskennalliset verosaamiset"
"account_1860","1860","Shares in companies of the same group","asset_current","False","l10n_fi.account_tag_shares_in_group_companies","Osuudet saman konsernin yrityksissä"
"account_1861","1861","Daughter company shares (investments)","asset_current","False","l10n_fi.account_tag_shares_in_group_companies","Tytäryritysten osakkeet (rahoitusomaisuus)"
"account_1863","1863","Parent company shares (investments)","asset_current","False","l10n_fi.account_tag_shares_in_group_companies","Emoyrityksen osakkeet (rahoitusomaisuus)"
"account_1865","1865","Sister company shares (investments)","asset_current","False","l10n_fi.account_tag_shares_in_group_companies","Sisaryritysten osakkeet (rahoitusomaisuus)"
"account_1867","1867","Other group holdings (investments)","asset_current","False","l10n_fi.account_tag_shares_in_group_companies","Muut konserniosuudet (rahoitusomaisuus)"
"account_1880","1880","Other shares and shares (financial assets)","asset_current","False","l10n_fi.account_tag_other_shares_and_marketable_securities","Muut osakkeet ja osuudet (rahoitusomaisuus)"
"account_1881","1881","Other shares and rights of ownership (investments)","asset_current","False","l10n_fi.account_tag_other_shares_and_marketable_securities","Muut osakkeet ja osuudet (rahoitusomaisuus)"
"account_1890","1890","Other financial securities","asset_current","False","l10n_fi.account_tag_other_financial_assets","Muut rahoitusarvopaperit"
"account_1891","1891","Other investments","asset_current","False","l10n_fi.account_tag_other_financial_assets","Muut rahoitusarvopaperit"
"account_1900","1900","Money / Cash","asset_cash","False","l10n_fi.account_tag_liquidity","Rahat / käteisvarat"
"account_1905","1905","Cash in currency","asset_cash","False","l10n_fi.account_tag_liquidity","Valuuttakassat"
"account_1910","1910","Bank receivables","asset_cash","False","l10n_fi.account_tag_liquidity","Pankkisaamiset"
"account_1920","1920","Bank receivables, bank2","asset_cash","False","l10n_fi.account_tag_liquidity","Pankkisaamiset, pankki2"
"account_1930","1930","Bank receivables, bank3","asset_cash","False","l10n_fi.account_tag_liquidity","Pankkisaamiset, pankki3"
"account_1940","1940","Bank receivables, bank4","asset_cash","False","l10n_fi.account_tag_liquidity","Pankkisaamiset, pankki4"
"account_1950","1950","Bank receivables, bank5","asset_cash","False","l10n_fi.account_tag_liquidity","Pankkisaamiset, pankki5"
"account_1960","1960","Short-term deposits","asset_cash","False","l10n_fi.account_tag_liquidity","Lyhytaikaiset talletukset"
"account_1961","1961","Short-term deposits, taxable at source","asset_cash","False","l10n_fi.account_tag_liquidity","Lyhytaikaiset lähdeveronalaiset talletukset"
"account_1970","1970","Investment account","asset_cash","False","l10n_fi.account_tag_liquidity","Sijoitustili"
"account_1984","1984","Currency account, bank4","asset_cash","False","l10n_fi.account_tag_liquidity","Valuuttatili"
"account_1986","1986","Currency deposits, bank4","asset_cash","False","l10n_fi.account_tag_liquidity","Valuuttatalletukset"
"account_1990","1990","Money transfers and reconciliations","asset_cash","False","l10n_fi.account_tag_liquidity","Rahansiirrot ja täsmäytykset"
"account_1991","1991","Balancing difference","asset_cash","False","l10n_fi.account_tag_liquidity","Täsmäytykset"
"account_1995","1995","Payments in transit","asset_cash","False","l10n_fi.account_tag_liquidity","Maksuliikenne"
"account_1996","1996","Mispayments","asset_cash","False","l10n_fi.account_tag_liquidity","Virhemaksut"
"account_2000","2000","Capital stock","equity","False","l10n_fi.account_tag_stock_capital","Osakepääoma"
"account_2001","2001","Subscribed capital","equity","False","l10n_fi.account_tag_stock_capital","Osakepääoma"
"account_2010","2010","Issue of shares","equity","False","l10n_fi.account_tag_stock_capital","Osakeanti"
"account_2011","2011","Share issue","equity","False","l10n_fi.account_tag_stock_capital","Maksullinen osakeanti"
"account_2015","2015","Capitalization issue","equity","False","l10n_fi.account_tag_stock_capital","Rahastokorotus"
"account_2017","2017","Share capital placing","equity","False","l10n_fi.account_tag_stock_capital","Osakepääomasijoitus"
"account_2020","2020","Premium fund","equity","False","l10n_fi.account_tag_share_premium_account","Ylikurssirahasto"
"account_2021","2021","Share premium account","equity","False","l10n_fi.account_tag_share_premium_account","Ylikurssirahasto (oy)"
"account_2030","2030","Appreciation fund (oy)","equity","False","l10n_fi.account_tag_revaluation_reserve","Arvonkorotusrahasto (oy)"
"account_2031","2031","Appreciation fund (oy)","equity","False","l10n_fi.account_tag_revaluation_reserve","Revaluation reserve (ltd)"
"account_2041","2041","Fair value reserve (ltd)","equity","False","l10n_fi.account_tag_revaluation_reserve","Käyvän arvon rahasto (oy)"
"account_2050","2050","Reserve Fund (oy)","equity","False","l10n_fi.account_tag_reserve","Vararahasto (oy)"
"account_2051","2051","Legal reserve (ltd)","equity","False","l10n_fi.account_tag_reserve","Vararahasto (oy)"
"account_2060","2060","The invested unrestricted equity fund","equity","False","l10n_fi.account_tag_the_invested_unrestricted_equity_fund","Sijoitetun vapaan oman pääoman rahasto"
"account_2061","2061","Free invested equity reserve","equity","False","l10n_fi.account_tag_the_invested_unrestricted_equity_fund","Sijoitetun vapaan oman pääoman rahasto"
"account_2070","2070","Fund according to the articles of association","equity","False","l10n_fi.account_tag_the_articles_of_association_or_fund_under_the_rules","Yhtiöjärjestyksen mukainen rahasto"
"account_2071","2071","Reserve provided for by articles of association","equity","False","l10n_fi.account_tag_the_articles_of_association_or_fund_under_the_rules","Yhtiöjärjestyksen mukainen rahasto"
"account_2080","2080","Other funds (oy)","equity","False","l10n_fi.account_tag_other_reserves","Muut rahastot (oy)"
"account_2081","2081","Other reserves (ltd)","equity","False","l10n_fi.account_tag_other_reserves","Muut rahastot (oy)"
"account_2100","2100","Share capital","equity","False","","Osuuspääoma"
"account_2101","2101","Co-operative capital","equity","False","","Osuuspääoma"
"account_2103","2103","Additional co-operative capital","equity","False","","Lisäosuuspääoma"
"account_2105","2105","Co-operative capital, investment","equity","False","","Sijoitusosuuspääoma"
"account_2109","2109","Terminated co-operative contribution","equity","False","","Osuuspääoma"
"account_2110","2110","Value appreciation fund (OSK)","equity","False","","Arvonkorotusrahasto (osk)"
"account_2111","2111","Over valued reserve (co-operative)","equity","False","","Ylikurssirahasto (osk)"
"account_2120","2120","Reserve fund (OSK)","equity","False","","Vararahasto (osk)"
"account_2121","2121","Revaluation reserve (co-operative)","equity","False","","Arvonkorotusrahasto (osk)"
"account_2125","2125","Fair value reserve (co-operative)","equity","False","","Käyvän arvon rahasto (osk)"
"account_2130","2130","Fund according to the rules","equity","False","","Sääntöjen mukainen rahasto"
"account_2131","2131","Legal reserve (co-operative)","equity","False","","Vararahasto (osk)"
"account_2140","2140","Other funds (osk)","equity","False","","Muut rahastot (osk)"
"account_2141","2141","Reserve provided for by the rules (co-operative)","equity","False","","Sääntöjen mukainen rahasto"
"account_2145","2145","Other reserves (co-operative)","equity","False","","Muut rahastot (osk)"
"account_2150","2150","Capital contributions (ay)","equity","False","","Pääomapanokset (ay)"
"account_2151","2151","Capital input, partner A","equity","False","","Pääomapanos, yhtiömies A"
"account_2153","2153","Capital input, partner B","equity","False","","Pääomapanos, yhtiömies B"
"account_2155","2155","Capital input, partner X","equity","False","","Pääomapanos, yhtiömies X"
"account_2160","2160","Value appreciation fund (ay)","equity","False","","Arvonkorotusrahasto (ay)"
"account_2161","2161","Revaluation reserve(general partnership)","equity","False","","Arvonkorotusrahasto (ay)"
"account_2165","2165","Fair value reserve(general partnership)","equity","False","","Käyvän arvon rahasto (ay)"
"account_2170","2170","Capital contributions (ky)","equity","False","","Pääomapanokset (ky)"
"account_2171","2171","Capital input, active partner A","equity","False","","Vastuunalaisen yhtiömiehen A panos"
"account_2173","2173","Capital input, active partner B","equity","False","","Vastuunalaisen yhtiömiehen B panos"
"account_2175","2175","Capital input, active partner X","equity","False","","Vastuunalaisen yhtiömiehen X panos"
"account_2181","2181","Capital input, limited partner C","equity","False","","Äänettömän yhtiömiehen C panos"
"account_2183","2183","Capital input, limited partner D","equity","False","","Äänettömän yhtiömiehen D panos"
"account_2190","2190","Value appreciation fund (ky)","equity","False","","Arvonkorotusrahasto (ky)"
"account_2191","2191","Revaluation reserve (ltd partnership)","equity","False","","Arvonkorotusrahasto (ky)"
"account_2195","2195","Fair value reserve (ltd partnership)","equity","False","","Käyvän arvon rahasto (ky)"
"account_2200","2200","Basic capital","equity","False","","Peruspääoma"
"account_2201","2201","Basic capital","equity","False","","Peruspääoma"
"account_2210","2210","Value appreciation fund (tmi)","equity","False","","Arvonkorotusrahasto (tmi)"
"account_2211","2211","Revaluation reserve (private firm)","equity","False","","Arvonkorotusrahasto (tmi)"
"account_2215","2215","Fair value reserve (private firm)","equity","False","","Käyvän arvon rahasto (tmi)"
"account_2250","2250","Profit / loss of previous financial periods","equity","False","l10n_fi.account_tag_retained_earnings","Edellisten tilikausien voitto / tappio"
"account_2251","2251","Retained earnings/loss","equity","False","l10n_fi.account_tag_retained_earnings","Edellisten tilikausien voitto/tappio"
"account_2261","2261","Payment of dividend","equity","False","l10n_fi.account_tag_retained_earnings","Osingonjako"
"account_2265","2265","Amount paid for own shares","equity","False","l10n_fi.account_tag_retained_earnings","Omista osakkeista maksettu määrä"
"account_2271","2271","Co-operative interest","equity","False","l10n_fi.account_tag_retained_earnings","Osuuskorot"
"account_2291","2291","Profit, partner A","equity","False","l10n_fi.account_tag_retained_earnings","Voitto-osuus yhtiömies A"
"account_2293","2293","Profit, partner B","equity","False","l10n_fi.account_tag_retained_earnings","Voitto-osuus yhtiömies B"
"account_2295","2295","Profit, partner X","equity","False","l10n_fi.account_tag_retained_earnings","Voitto-osuus yhtiömies X"
"account_2311","2311","Profit, active partner A","equity","False","l10n_fi.account_tag_retained_earnings","Voitto-osuus vastuunalainen yhtiömies A"
"account_2313","2313","Profit, active partner B","equity","False","l10n_fi.account_tag_retained_earnings","Voitto-osuus vastuunalainen yhtiömies B"
"account_2315","2315","Profit, active partner X","equity","False","l10n_fi.account_tag_retained_earnings","Voitto-osuus vastuunalainen yhtiömies X"
"account_2321","2321","Profit, limited partner C","equity","False","l10n_fi.account_tag_retained_earnings","Voitto-osuus äänetön yhtiömies C"
"account_2323","2323","Profit, limited partner D","equity","False","l10n_fi.account_tag_retained_earnings","Voitto-osuus äänetön yhtiömies D"
"account_2330","2330","Capital deficit from previous financial periods","equity","False","l10n_fi.account_tag_retained_earnings","Pääomavajaus edellisiltä tilikausilta"
"account_2331","2331","Capital deficit, partner A","equity","False","l10n_fi.account_tag_retained_earnings","Pääomavajaus yhtiömies A"
"account_2333","2333","Capital deficit, partner B","equity","False","l10n_fi.account_tag_retained_earnings","Pääomavajaus yhtiömies B"
"account_2335","2335","Capital deficit, partner X periods","equity","False","l10n_fi.account_tag_retained_earnings","Pääomavajaus yhtiömies X"
"account_2337","2337","Capital deficit","equity","False","l10n_fi.account_tag_retained_earnings","Pääomavajaus"
"account_2340","2340","Private accounts during the accounting period","equity","False","","Yksityistilit tilikaudella"
"account_2341","2341","Private accounts, money, partner A","equity","False","","Yksityissijoitukset rahana yhtiömies A"
"account_2343","2343","Other private investments, partner A","equity","False","","Muut yksityissijoitukset yhtiömies A"
"account_2345","2345","Private accounts, money, partner B","equity","False","","Yksityissijoitukset rahana yhtiömies B"
"account_2347","2347","Other private investments, partner B","equity","False","","Muut yksityissijoitukset  yhtiömies B"
"account_2348","2348","Private accounts, money, partner X","equity","False","","Yksityissijoitukset rahana yhtiömies X"
"account_2349","2349","Other private investments, partner X","equity","False","","Muut yksityissijoitukset  yhtiömies X"
"account_2351","2351","Money taken into private use, partner A","equity","False","","Yksityisnostot rahana yhtiömies A"
"account_2353","2353","Other private use, partner A","equity","False","","Muut yksityisnostot yhtiömies A"
"account_2355","2355","Money taken into private use, partner B","equity","False","","Yksityisnostot rahana yhtiömies B"
"account_2357","2357","Other private use, partner B","equity","False","","Muut yksityisnostot  yhtiömies B"
"account_2358","2358","Money taken into private use, partner X","equity","False","","Yksityisnostot rahana yhtiömies X"
"account_2359","2359","Other private use, partner X","equity","False","","Muut yksityisnostot yhtiömies X"
"account_2361","2361","Private investments, money","equity","False","","Yksityissijoitukset rahana"
"account_2363","2363","Other private investments","equity","False","","Muut yksityissijoitukset"
"account_2365","2365","Money taken into private use","equity","False","","Yksityisnostot rahana"
"account_2367","2367","Other private use","equity","False","","Muut yksityisnostot"
"account_2370","2370","The result of the financial year","equity_unaffected","False","l10n_fi.account_tag_profit_for_the_period","Tilikauden tulos"
"account_2390","2390","Minority interest","liability_non_current","False","","Vähemmistöosuus"
"account_2400","2400","Depreciation difference","liability_non_current","False","l10n_fi.account_tag_depreciation_difference","Poistoero"
"account_2450","2450","Tax-based reservations","liability_non_current","False","l10n_fi.account_tag_tax_based_reservations","Verotusperusteiset varaukset"
"account_2500","2500","Pension provisions","liability_non_current","False","l10n_fi.account_tag_provisions_for_pensions","Eläkevaraukset"
"account_2530","2530","Tax provisions","liability_non_current","False","l10n_fi.account_tag_tax_provisions","Verovaraukset"
"account_2550","2550","Other mandatory reservations","liability_non_current","False","l10n_fi.account_tag_other_provisions","Muut pakolliset varaukset"
"account_2590","2590","Group reserve","liability_non_current","False","","Konsernireservi"
"account_2600","2600","Capital loans, long-term","liability_current","False","l10n_fi.account_tag_subordinated_loans_long-term","Pääomalainat, pitkäaikaiset"
"account_2610","2610","Bonds, long-term","liability_current","False","l10n_fi.account_tag_bonds_are_long-term","Joukkovelkakirjalainat, pitkäaikaiset"
"account_2620","2620","Long-term convertible bonds","liability_current","False","l10n_fi.account_tag_convertible_bonds_long-term","Pitkäaikaiset vaihtovelkakirjalainat"
"account_2630","2630","Loans from financial institutions","liability_current","False","l10n_fi.account_tag_loans_from_financial_institutions_long-term","Lainat rahoituslaitoksilta"
"account_2650","2650","Long-term repayment loans from occupational pension institutions","liability_current","False","l10n_fi.account_tag_pension_loans_long-term","Pitkäaikaiset takaisinlainat työeläkelaitoksilta"
"account_2660","2660","Long-term advances received","liability_current","False","l10n_fi.account_tag_advances_received_long-term","Pitkäaikaiset saadut ennakot"
"account_2670","2670","Accounts payable, long-term","liability_payable","True","l10n_fi.account_tag_accounts_payable-current","Ostovelat, pitkäaikaiset"
"account_2690","2690","Long-term financial bills","liability_current","False","l10n_fi.account_tag_bills_of_long-term","Pitkäaikaiset rahoitusvekselit"
"account_2700","2700","Liabilities to companies of the same group, long-term","liability_payable","True","l10n_fi.account_tag_consolidated_long-term_liabilities","Velat saman konsernin yrityksille, pitkäaikaiset"
"account_2710","2710","Liabilities to associated companies, long-term","liability_current","False","l10n_fi.account_tag_payables_to_associated_companies_non-current","Velat omistusyhteysyrityksille, pitkäaikaiset"
"account_2720","2720","Other liabilities, long-term","liability_current","False","l10n_fi.account_tag_other_long-term_liabilities","Muut velat, pitkäaikaiset"
"account_2750","2750","Long-term accrued liabilities","liability_current","False","l10n_fi.account_tag_accrued_long-term","Pitkäaikaiset siirtovelat"
"account_2770","2770","Long-term deferred tax liabilities","liability_current","False","l10n_fi.account_tag_deferred_tax_liabilities_are_long-term","Pitkäaikaiset laskennalliset verovelat"
"account_2800","2800","Capital loans, short-term","liability_current","False","l10n_fi.account_tag_capital_loans_are_short-term","Pääomalainat, lyhytaikaiset"
"account_2810","2810","Bonds","liability_current","False","l10n_fi.account_tag_bonds_short-term","Joukkovelkakirjalainat"
"account_2820","2820","Convertible bonds","liability_current","False","l10n_fi.account_tag_convertible_bonds_short-term","Vaihtovelkakirjalainat"
"account_2830","2830","Loans from financial institutions","liability_current","False","l10n_fi.account_tag_loans_from_financial_institutions_short-term","Lainat rahoituslaitoksilta"
"account_2850","2850","Repayment installments of employee pension institutions' loans","liability_current","False","l10n_fi.account_tag_pension_loans_short-term","Työeläkelaitoksien takaisinlainojen lyhennyserät"
"account_2860","2860","Advances received","liability_current","False","l10n_fi.account_tag_advances_received_short-term","Saadut ennakot"
"account_2870","2870","Accounts payable","liability_payable","True","l10n_fi.account_tag_accounts_payable","Ostovelat"
"account_2880","2880","Payment account","liability_payable","True","l10n_fi.account_tag_accounts_payable","Maksuliikennetili"
"account_2890","2890","Bills of exchange","liability_current","False","l10n_fi.account_tag_bills_of_short-term","Rahoitusvekselit"
"account_2900","2900","Liabilities to companies of the same group","liability_current","False","l10n_fi.account_tag_group_short-term_liabilities","Velat saman konsernin yrityksille"
"account_2910","2910","Liabilities to joint ventures","liability_current","False","l10n_fi.account_tag_payables_to_associated_companies","Velat omistusyhteysyrityksille"
"account_2920","2920","Withholding tax and STM debt","liability_current","False","l10n_fi.account_tag_other_short-term_liabilities","Ennakonpidätys- ja stm-velka"
"account_2930","2930","VAT payable","liability_current","False","l10n_fi.account_tag_other_short-term_liabilities","Suoritettava arvonlisävero"
"account_2935","2935","OmaVero events","liability_current","False","l10n_fi.account_tag_other_short-term_liabilities","OmaVero-tapahtumat"
"account_2940","2940","Other debts","liability_current","False","l10n_fi.account_tag_other_short-term_liabilities","Muut velat"
"account_2950","2950","Payroll liabilities","liability_current","False","l10n_fi.account_tag_accrued_liabilities_short-term","Palkkojen siirtovelat"
"account_2951","2951","Other accrued liabilities","liability_current","False","l10n_fi.account_tag_accrued_liabilities_short-term","Muut siirtovelat"
"account_2952","2952","Periodization of wages","liability_current","False","l10n_fi.account_tag_accrued_liabilities_short-term","Palkkojen jaksotus"
"account_2980","2980","Deferred tax liabilities","liability_current","False","l10n_fi.account_tag_deferred_tax_liabilities_are_short-term","Laskennalliset verovelat"
"account_3000","3000","Sales","income","False","l10n_fi.account_tag_sales","Myynti"
"account_3200","3200","Ancillary services","income","False","l10n_fi.account_tag_sales","Oheispalvelut"
"account_3250","3250","Delivery charges and installment surcharges","income","False","l10n_fi.account_tag_sales","Toimitusveloitukset ja osamaksulisät"
"account_3300","3300","Commission trade and agency","income","False","l10n_fi.account_tag_sales","Komissiokauppa ja agentuuri"
"account_3330","3330","Sales of goods to Åland","income","False","l10n_fi.account_tag_sales","Tavaramyynti Ahvenanmaalle"
"account_3350","3350","Community sale","income","False","l10n_fi.account_tag_sales","Yhteisömyynti"
"account_3380","3380","Sales outside the community","income","False","l10n_fi.account_tag_sales","Myynti yhteisön ulkopuolelle"
"account_3400","3400","Sales, used goods and art, collectibles and antiques","income","False","l10n_fi.account_tag_sales","Myynti, käytetyt tavarat ja taide-, keräily- ja antiikkiesineet"
"account_3440","3440","Sales, securities and real estate","income","False","l10n_fi.account_tag_sales","Myynti, arvopaperit ja kiinteistöt"
"account_3500","3500","Sales discounts","income","False","l10n_fi.account_tag_sales","Myynnin alennukset"
"account_3550","3550","Indirect taxes","income","False","l10n_fi.account_tag_sales_adjustment_items","Välilliset verot"
"account_3570","3570","Income transfer and pass-through batches","income","False","l10n_fi.account_tag_sales_adjustment_items","Tulonsiirto- ja läpikulkuerät"
"account_3580","3580","Sales exchange rate differences","income","False","l10n_fi.account_tag_sales_adjustment_items","Myynnin valuuttakurssierot"
"account_3590","3590","Other sales adjustment items","income","False","l10n_fi.account_tag_sales_adjustment_items","Muut myynnin oikaisuerät"
"account_3600","3600","Increase (+) or decrease (-) in stocks of finished and work-in-progress","expense_direct_cost","False","l10n_fi.account_tag_manufacturing_warehouse_change","Valmiiden ja keskeneräisten tuotteiden varastojen lisäys (+) tai vähennys (-)"
"account_3630","3630","Production for own use","expense_direct_cost","False","l10n_fi.account_tag_manufacturing_own_use","Valmistus omaan käyttöön"
"account_3650","3650","Capital gains from fixed assets","income_other","False","l10n_fi.account_tag_income_other","Myyntivoitot pysyvistä vastaavista"
"account_3700","3700","Leasing credits","income_other","False","l10n_fi.account_tag_income_other","Leasinghyvitykset"
"account_3710","3710","Interruption and other security compensations","income_other","False","l10n_fi.account_tag_income_other","Keskeytys- ym. vakuuskorvaukset"
"account_3750","3750","Rental income","income_other","False","l10n_fi.account_tag_income_other","Vuokratuotot"
"account_3800","3800","Grants and subsidies received","income_other","False","l10n_fi.account_tag_income_other","Saadut avustukset ja tuet"
"account_3850","3850","Service income","income_other","False","l10n_fi.account_tag_income_other","Palvelutuotot"
"account_3900","3900","Rewards and allowances","income_other","False","l10n_fi.account_tag_income_other","Palkkiot ja korvaukset"
"account_3980","3980","Other income","income_other","False","l10n_fi.account_tag_income_other","Muut tuotot"
"account_4000","4000","Shopping","expense","False","l10n_fi.account_tag_purchases","Ostot"
"account_4090","4090","Shopping from Åland","expense","False","l10n_fi.account_tag_purchases","Tavaraostot Ahvenanmaalta"
"account_4110","4110","Community procurement","expense","False","l10n_fi.account_tag_purchases","Yhteisöhankinnat"
"account_4130","4130","Import purchases from outside the community","expense","False","l10n_fi.account_tag_purchases","Tuontiostot yhteisön ulkopuolelta"
"account_4150","4150","Shopping, used goods and art, collectibles and antiques","expense","False","l10n_fi.account_tag_purchases","Ostot, käytetyt tavarat ja taide-, keräily- ja antiikkiesineet"
"account_4200","4200","Purchases, securities and real estate","expense","False","l10n_fi.account_tag_purchases","Ostot, arvopaperit ja kiinteistöt"
"account_4230","4230","Discounts on purchases","expense","False","l10n_fi.account_tag_purchases_adjustment_items","Ostojen alennukset"
"account_4260","4260","Returned goods","expense","False","l10n_fi.account_tag_purchases_adjustment_items","Palautetut tavarat"
"account_4270","4270","Received damages and grants","expense","False","l10n_fi.account_tag_purchases_adjustment_items","Saadut vahingonkorvaukset ja avustukset"
"account_4290","4290","Freight, forwarding and other acquisition costs","expense","False","l10n_fi.account_tag_purchases_adjustment_items","Rahdit, huolinta ja muut hankintakulut"
"account_4340","4340","Transfers for purposes other than sales","expense","False","l10n_fi.account_tag_purchases_adjustment_items","Siirrot muuhun kuin myyntitarkoitukseen"
"account_4370","4370","Exchange rate differences for purchases","expense","False","l10n_fi.account_tag_purchases_adjustment_items","Ostojen valuuttakurssierot"
"account_4380","4380","Other adjustment items for purchases","expense","False","l10n_fi.account_tag_purchases_adjustment_items","Muut ostojen oikaisuerät"
"account_4400","4400","Inventory increase (+) or decrease (-)","expense","False","l10n_fi.account_tag_change_in_inventories","Varastojen lisäys (+) tai vähennys (-)"
"account_4450","4450","Subcontracting","expense","False","l10n_fi.account_tag_external_services","Alihankinta"
"account_4480","4480","Hired labor","expense","False","l10n_fi.account_tag_external_services","Vuokrattu työvoima"
"account_4490","4490","Other external services","expense","False","l10n_fi.account_tag_external_services","Muut ulkopuoliset palvelut"
"account_5000","5000","Normal wages for working time","expense","False","l10n_fi.account_tag_wages_and_salaries_in_production","Työssäoloajan normaalipalkat"
"account_5100","5100","Supplements and allowances","expense","False","l10n_fi.account_tag_wages_and_salaries_other","Lisät ja korvaukset"
"account_5200","5200","Rewards","expense","False","l10n_fi.account_tag_wages_and_salaries_other","Palkkiot"
"account_5300","5300","Vacation time and social benefits","expense","False","l10n_fi.account_tag_wages_and_salaries_other","Loma-ajan ja sosiaalipalkat"
"account_5330","5330","Periodization of wages","expense","False","l10n_fi.account_tag_wages_and_salaries_other","Palkkojen jaksotus"
"account_5400","5400","Fringe benefits","expense","False","l10n_fi.account_tag_wages_and_salaries_other","Luontoisedut"
"account_5470","5470","Compensations received from wages","expense","False","l10n_fi.account_tag_wages_and_salaries_other","Saadut korvaukset palkoista"
"account_5600","5600","Management salaries and fees","expense","False","l10n_fi.account_tag_wages_and_salaries_other","Johdon palkat ja palkkiot"
"account_5700","5700","Management fringe benefits","expense","False","l10n_fi.account_tag_wages_and_salaries_other","Johdon luontoisedut"
"account_5770","5770","Compensations received from management salaries","expense","False","l10n_fi.account_tag_wages_and_salaries_other","Saadut korvaukset johdon palkoista"
"account_5800","5800","Salaries and fees of shareholders and relatives","expense","False","l10n_fi.account_tag_wages_and_salaries_other","Osakkaiden ja omaisten palkat ja palkkiot"
"account_5900","5900","Benefits in kind for shareholders and relatives","expense","False","l10n_fi.account_tag_wages_and_salaries_other","Osakkaiden ja omaisten luontoisedut"
"account_5960","5960","Reimbursements received from the salaries of shareholders and relatives","expense","False","l10n_fi.account_tag_wages_and_salaries_other","Saadut korvaukset osakkaiden ja omaisten palkoista"
"account_5990","5990","Offsetting benefits in kind account","expense","False","l10n_fi.account_tag_wages_and_salaries_other","Luontoisetujen vastatili"
"account_6000","6000","Pensions paid","expense","False","l10n_fi.account_tag_pension_costs_of_production","Maksetut eläkkeet"
"account_6100","6100","Pension insurance contributions","expense","False","l10n_fi.account_tag_pension_costs_other","Eläkevakuutusmaksut"
"account_6290","6290","Periodization during the accounting period","expense","False","l10n_fi.account_tag_other_additional_expenses_other","Tilikauden aikainen jaksotus"
"account_6300","6300","Social security payments","expense","False","l10n_fi.account_tag_other_additional_expenses_other","Sosiaaliturvamaksut"
"account_6400","6400","Compulsory insurance premiums","expense","False","l10n_fi.account_tag_other_additional_expenses_other","Pakolliset vakuutusmaksut"
"account_6500","6500","Other personnel insurance premiums","expense","False","l10n_fi.account_tag_other_additional_expenses_other","Muut henkilöstön vakuutusmaksut"
"account_6690","6690","Periodization during the accounting period","expense","False","l10n_fi.account_tag_other_additional_expenses_other","Tilikauden aikainen jaksotus"
"account_6800","6800","Planned depreciation","expense","False","l10n_fi.account_tag_depreciation_according_to_plan","Suunnitelman mukaiset poistot"
"account_6930","6930","Depreciation of group goodwill and reduction of group reserve","expense","False","l10n_fi.account_tag_change_in_depreciation_difference","Konserniliikearvon poisto ja konsenireservin vähennys"
"account_6950","6950","Impairment of fixed assets","expense","False","l10n_fi.account_tag_impairment_of_fixed_assets","Arvonalentumiset pysyvien vastaavien hyödykkeistä"
"account_6990","6990","Extraordinary impairments of current assets","expense","False","l10n_fi.account_tag_impairment_losses_financial_assets_current_assets","Vaihtuvien vastaavien poikkeukselliset arvonalentumiset"
"account_7000","7000","Voluntary social expenses","expense","False","l10n_fi.account_tag_personnel_other","Vapaaehtoiset henkilösivukulut"
"account_7200","7200","Premises expenses","expense","False","l10n_fi.account_tag_premises_costs","Toimitilakulut"
"account_7230","7230","Premises rents","expense","False","l10n_fi.account_tag_premises_costs","Toimitilavuokrat"
"account_7250","7250","Warehouse rents","expense","False","l10n_fi.account_tag_premises_costs","Varastovuokrat"
"account_7270","7270","Garage and parking space rentals","expense","False","l10n_fi.account_tag_premises_costs","Autotalli- ja autopaikkavuokrat"
"account_7500","7500","Vehicle expenses","expense","False","l10n_fi.account_tag_vehicle_expenses","Ajoneuvokulut"
"account_7520","7520","Vehicle rentals","expense","False","l10n_fi.account_tag_vehicle_expenses","Ajoneuvovuokrat"
"account_7640","7640","Computer equipment and software costs","expense","False","l10n_fi.account_tag_it_expenses","Atk-laite ja -ohjelmakulut"
"account_7650","7650","Computer device and program. rents","expense","False","l10n_fi.account_tag_it_expenses","Atk-laite ja ohjelm. vuokrat"
"account_7710","7710","Machinery and equipment costs","expense","False","l10n_fi.account_tag_in_machinery_and_equipment_expenses","Kone- ja kalustokulut"
"account_7720","7720","Machine and equipment rentals","expense","False","l10n_fi.account_tag_in_machinery_and_equipment_expenses","Kone- ja kalustovuokrat"
"account_7800","7800","Traveling expenses","expense","False","l10n_fi.account_tag_travelling","Matkakulut"
"account_7950","7950","Representation expenses","expense","False","l10n_fi.account_tag_representation","Edustuskulut"
"account_8000","8000","Selling expenses","expense","False","l10n_fi.account_tag_selling_expenses","Myyntikulut"
"account_8050","8050","Marketing expenses","expense","False","l10n_fi.account_tag_marketing_expenses","Markkinointikulut"
"account_8300","8300","Research and development costs","expense","False","l10n_fi.account_tag_research_and_development","Tutkimus- ja kehityskulut"
"account_8370","8370","Purchased administrative services","expense","False","l10n_fi.account_tag_administrative_services","Ostetut hallintopalvelut"
"account_8450","8450","Other governing expenses","expense","False","l10n_fi.account_tag_other_administrative_expenses","Muut hallintokulut"
"account_8451","8451","Telephone and telecommunication costs","expense","False","l10n_fi.account_tag_it_expenses","Puhelin- ja tietoliikennekulut"
"account_8452","8452","Insurance and damages","expense","False","l10n_fi.account_tag_other_fixed_costs","Vakuutukset ja vahingonkorvaukset"
"account_8453","8453","Office and administrative expenses","expense","False","l10n_fi.account_tag_other_administrative_expenses","Toimisto- ja hallintokulut"
"account_8455","8455","Other governing expenses","expense","False","l10n_fi.account_tag_other_administrative_expenses","Muut hallintokulut"
"account_8700","8700","Other business expenses","expense","False","l10n_fi.account_tag_other_fixed_costs","Muut liikekulut"
"account_8730","8730","Sales credit losses","expense","False","l10n_fi.account_tag_other_fixed_costs","Myynnin luottotappiot"
"account_8790","8790","Merger loss","expense","False","l10n_fi.account_tag_other_fixed_costs","Fuusiotappio"
"account_8800","8800","Non-deductible business expenses","expense","False","l10n_fi.account_tag_other_fixed_costs","Vähennyskelvottomat liikekulut"
"account_8850","8850","Losses on disposal of fixed assets","expense","False","l10n_fi.account_tag_other_fixed_costs","Käyttöomaisuuden luovutustappiot"
"account_8890","8890","Match differences","expense","False","l10n_fi.account_tag_other_fixed_costs","Täsmäytyserot"
"account_8990","8990","Share of the result of associated companies","expense","False","","Osuus osakkuusyritysten tuloksesta"
"account_9000","9000","Income from shares in companies of the same group","income_other","False","l10n_fi.account_tag_income_from_shares_in_group","Tuotot osuuksista saman konsernin yrityksissä"
"account_9030","9030","Share of the profit (loss) of associated companies","income_other","False","l10n_fi.account_tag_income_from_associated_company","Osuus osakkuusyritysten voitosta (tappiosta)"
"account_9040","9040","Income from shares in joint ventures","income_other","False","","Tuotot osuuksista omistusyhteysyrityksissä"
"account_9070","9070","Income from shares in other joint ventures","income_other","False","","Tuotot osuuksista muissa omistusyhteysyrityksissä"
"account_9080","9080","Investment income from investments of permanent equivalents, group","income_other","False","l10n_fi.account_tag_investment_income_other_current_assets_group","Sijoitustuotot pysyvien vastaavien sijoituksista, konserni"
"account_9090","9090","Investment income from investments of permanent equivalents, others","income_other","False","l10n_fi.account_tag_other_investment_income_from_fixed_assets","Sijoitustuotot pysyvien vastaavien sijoituksista, muut"
"account_9150","9150","Other interest and financial income, group","income_other","False","l10n_fi.account_tag_interest_and_financial_income_from_group","Muut korko- ja rahoitustuotot, konserni"
"account_9160","9160","Other interest and financial income, other","income_other","False","l10n_fi.account_tag_other_interest_and_financial_income","Muut korko- ja rahoitustuotot, muut"
"account_9300","9300","Impairment of fixed assets investments","expense","False","l10n_fi.account_tag_impairment_losses_on_investments_in_fixed_assets","Arvonalentumiset pysyvien vastaavien sijoituksista"
"account_9370","9370","Impairment of financial securities of current equivalents","expense","False","l10n_fi.account_tag_impairment_losses_financial_assets_current_assets","Arvonalentumiset vaihtuvien vastaavien rahoitusarvopapereista"
"account_9420","9420","Interest expenses and other financial expenses, group","expense","False","l10n_fi.account_tag_financial_expenses_group","Korkokulut ja muut rahoituskulut, konserni"
"account_9440","9440","Interest expenses and other financial expenses, other","expense","False","l10n_fi.account_tag_other_financial_expenses","Korkokulut ja muut rahoituskulut, muut"
"account_9800","9800","Increase (-) or decrease (+) of depreciation difference","expense","False","l10n_fi.account_tag_change_in_depreciation_difference","Poistoeron lisäys (-) tai vähennys (+)"
"account_9840","9840","Increase (-) or decrease (+) of tax-based provisions","expense","False","l10n_fi.account_tag_change_in_provisions","Verotusperusteisten varausten lisäys (-) tai vähennys (+)"
"account_9850","9850","Group grants, received","expense","False","l10n_fi.account_tag_group_contribution","Konserniavustukset, saadut"
"account_9860","9860","Group grants, paid","expense","False","l10n_fi.account_tag_group_contribution","Konserniavustukset, maksetut"
"account_9900","9900","Taxes for the financial year and previous financial years","expense","False","l10n_fi.account_tag_taxes_for_the_period","Tilikauden ja aikaisempien tilikausien verot"
"account_9970","9970","Deferred taxes","expense","False","l10n_fi.account_tag_taxes_for_the_period","Laskennalliset verot"
"account_9980","9980","Other direct taxes","expense","False","l10n_fi.account_tag_taxes_for_the_period","Muut välittömät verot"
"account_9990","9990","Minority interests","expense","False","","Vähemmistöosuudet"
