id,chart_template_id/id,code,account_type,name,reconcile
l10n_ar.base_cheques_de_terceros,l10n_ar.l10nar_base_chart_template,1.1.1.02.010,asset_cash,Third-party Checks,False
l10n_ar.base_cheques_de_terceros_rechazados,l10n_ar.l10nar_base_chart_template,1.1.1.02.020,asset_current,Rejected Third-party Checks,False
l10n_ar.base_fondo_comun_de_inversion,l10n_ar.l10nar_base_chart_template,1.1.2.01.010,asset_current,Common Fund for Investment,False
l10n_ar.base_plazo_fijo,l10n_ar.l10nar_base_chart_template,1.1.2.01.020,asset_current,Fixed term,False
l10n_ar.base_deudores_por_ventas,l10n_ar.l10nar_base_chart_template,1.1.3.01.010,asset_receivable,Sales Debtors,True
l10n_ar.base_deudores_por_ventas_pos,l10n_ar.l10nar_base_chart_template,1.1.3.01.020,asset_receivable,Sales Debtors (PoS),True
l10n_ar.base_ret_percepcion_tasa_municipal,l10n_ar.l10nar_base_chart_template,1.1.4.01.010,asset_current,Retention/Perception Municipal Tax,False
l10n_ar.base_saldo_a_favor_tasa_municipal,l10n_ar.l10nar_base_chart_template,1.1.4.01.020,asset_current,Balance for Municipal Tax,False
l10n_ar.base_saldo_favor_iibb_caba,l10n_ar.l10nar_base_chart_template,1.1.4.02.010,asset_current,Balance in favor IIBB CABA,False
l10n_ar.base_retencion_iibb_caba_sufrida,l10n_ar.l10nar_base_chart_template,1.1.4.02.020,asset_current,Retention IIBB CABA incurred,False
l10n_ar.base_percepcion_iibb_caba_sufrida,l10n_ar.l10nar_base_chart_template,1.1.4.02.030,asset_current,Perception IIBB CABA incurred,False
l10n_ar.base_saldo_favor_iibb_ba,l10n_ar.l10nar_base_chart_template,1.1.4.02.040,asset_current,Balance in favor IIBB Buenos Aires,False
l10n_ar.base_retencion_iibb_ba_sufrida,l10n_ar.l10nar_base_chart_template,1.1.4.02.050,asset_current,Retention IIBB Buenos Aires incurred,False
l10n_ar.base_percepcion_iibb_ba_sufrida,l10n_ar.l10nar_base_chart_template,1.1.4.02.060,asset_current,Perception IIBB Buenos Aires incurred,False
l10n_ar.base_saldo_favor_iibb_ca,l10n_ar.l10nar_base_chart_template,1.1.4.02.070,asset_current,Balance in favor IIBB Catamarca,False
l10n_ar.base_retencion_iibb_ca_sufrida,l10n_ar.l10nar_base_chart_template,1.1.4.02.080,asset_current,Retention IIBB Catamarca incurred,False
l10n_ar.base_percepcion_iibb_ca_sufrida,l10n_ar.l10nar_base_chart_template,1.1.4.02.090,asset_current,Perception IIBB Catamarca incurred,False
l10n_ar.base_saldo_favor_iibb_co,l10n_ar.l10nar_base_chart_template,1.1.4.02.100,asset_current,Balance in favor IIBB Córdoba,False
l10n_ar.base_retencion_iibb_co_sufrida,l10n_ar.l10nar_base_chart_template,1.1.4.02.110,asset_current,Retention IIBB Córdoba incurred,False
l10n_ar.base_percepcion_iibb_co_sufrida,l10n_ar.l10nar_base_chart_template,1.1.4.02.120,asset_current,Perception IIBB Córdoba incurred,False
l10n_ar.base_saldo_favor_iibb_rr,l10n_ar.l10nar_base_chart_template,1.1.4.02.130,asset_current,Balance in favour IIBB Corrientes,False
l10n_ar.base_retencion_iibb_rr_sufrida,l10n_ar.l10nar_base_chart_template,1.1.4.02.140,asset_current,Retention IIBB Corrientes incurred,False
l10n_ar.base_percepcion_iibb_rr_sufrida,l10n_ar.l10nar_base_chart_template,1.1.4.02.150,asset_current,Perception IIBB Corrientes incurred,False
l10n_ar.base_saldo_favor_iibb_er,l10n_ar.l10nar_base_chart_template,1.1.4.02.160,asset_current,Balance in favor IIBB Entre Ríos,False
l10n_ar.base_retencion_iibb_er_sufrida,l10n_ar.l10nar_base_chart_template,1.1.4.02.170,asset_current,Retention IIBB Entre Ríos incurred,False
l10n_ar.base_percepcion_iibb_er_sufrida,l10n_ar.l10nar_base_chart_template,1.1.4.02.180,asset_current,Perception IIBB Entre Río incurred,False
l10n_ar.base_saldo_favor_iibb_ju,l10n_ar.l10nar_base_chart_template,1.1.4.02.190,asset_current,Balance in favour IIBB Jujuy,False
l10n_ar.base_retencion_iibb_ju_sufrida,l10n_ar.l10nar_base_chart_template,1.1.4.02.200,asset_current,Retention IIBB Jujuy incurred,False
l10n_ar.base_percepcion_iibb_ju_sufrida,l10n_ar.l10nar_base_chart_template,1.1.4.02.210,asset_current,Perception IIBB Jujuy incurred,False
l10n_ar.base_saldo_favor_iibb_za,l10n_ar.l10nar_base_chart_template,1.1.4.02.220,asset_current,Balance in favor IIBB Mendoza,False
l10n_ar.base_retencion_iibb_za_sufrida,l10n_ar.l10nar_base_chart_template,1.1.4.02.230,asset_current,Retention IIBB Mendoza incurred,False
l10n_ar.base_percepcion_iibb_za_sufrida,l10n_ar.l10nar_base_chart_template,1.1.4.02.240,asset_current,Perception IIBB Mendoza incurred,False
l10n_ar.base_saldo_favor_iibb_lr,l10n_ar.l10nar_base_chart_template,1.1.4.02.250,asset_current,Balance in favor IIBB La Rioja,False
l10n_ar.base_retencion_iibb_lr_sufrida,l10n_ar.l10nar_base_chart_template,1.1.4.02.260,asset_current,Retention IIBB La Rioja incurred,False
l10n_ar.base_percepcion_iibb_lr_sufrida,l10n_ar.l10nar_base_chart_template,1.1.4.02.270,asset_current,Perception IIBB La Rioja incurred,False
l10n_ar.base_saldo_favor_iibb_sa,l10n_ar.l10nar_base_chart_template,1.1.4.02.280,asset_current,Balance in favour IIBB Salta,False
l10n_ar.base_retencion_iibb_sa_sufrida,l10n_ar.l10nar_base_chart_template,1.1.4.02.290,asset_current,Retention IIBB Salta incurred,False
l10n_ar.base_percepcion_iibb_sa_sufrida,l10n_ar.l10nar_base_chart_template,1.1.4.02.300,asset_current,Perception IIBB Salta incurred,False
l10n_ar.base_saldo_favor_iibb_nn,l10n_ar.l10nar_base_chart_template,1.1.4.02.310,asset_current,Balance in favor IIBB San Juan,False
l10n_ar.base_retencion_iibb_nn_sufrida,l10n_ar.l10nar_base_chart_template,1.1.4.02.320,asset_current,Retention IIBB San Juan incurred,False
l10n_ar.base_percepcion_iibb_nn_sufrida,l10n_ar.l10nar_base_chart_template,1.1.4.02.330,asset_current,Perception IIBB San Juan incurred,False
l10n_ar.base_saldo_favor_iibb_sl,l10n_ar.l10nar_base_chart_template,1.1.4.02.340,asset_current,Balance in favor IIBB San Luis,False
l10n_ar.base_retencion_iibb_sl_sufrida,l10n_ar.l10nar_base_chart_template,1.1.4.02.350,asset_current,Retention IIBB San Luis incurred,False
l10n_ar.base_percepcion_iibb_sl_sufrida,l10n_ar.l10nar_base_chart_template,1.1.4.02.360,asset_current,Perception IIBB San Luis incurred,False
l10n_ar.base_saldo_favor_iibb_sf,l10n_ar.l10nar_base_chart_template,1.1.4.02.370,asset_current,Balance in favor IIBB Santa Fe,False
l10n_ar.base_retencion_iibb_sf_sufrida,l10n_ar.l10nar_base_chart_template,1.1.4.02.380,asset_current,Retention IIBB Santa Fe incurred,False
l10n_ar.base_percepcion_iibb_sf_sufrida,l10n_ar.l10nar_base_chart_template,1.1.4.02.390,asset_current,Perception IIBB Santa Fe incurred,False
l10n_ar.base_saldo_favor_iibb_se,l10n_ar.l10nar_base_chart_template,1.1.4.02.400,asset_current,Balance in favor IIBB Santiago del Estero,False
l10n_ar.base_retencion_iibb_se_sufrida,l10n_ar.l10nar_base_chart_template,1.1.4.02.410,asset_current,Retention IIBB Santiago del Estero incurred,False
l10n_ar.base_percepcion_iibb_se_sufrida,l10n_ar.l10nar_base_chart_template,1.1.4.02.420,asset_current,Perception IIBB Santiago del Estero incurred,False
l10n_ar.base_saldo_favor_iibb_tn,l10n_ar.l10nar_base_chart_template,1.1.4.02.430,asset_current,Balance in favour IIBB Tucumán,False
l10n_ar.base_retencion_iibb_tn_sufrida,l10n_ar.l10nar_base_chart_template,1.1.4.02.440,asset_current,Retention IIBB Tucumán incurred,False
l10n_ar.base_percepcion_iibb_tn_sufrida,l10n_ar.l10nar_base_chart_template,1.1.4.02.450,asset_current,Perception IIBB Tucumán incurred,False
l10n_ar.base_saldo_favor_iibb_ha,l10n_ar.l10nar_base_chart_template,1.1.4.02.460,asset_current,Balance in favour IIBB Chaco,False
l10n_ar.base_retencion_iibb_ha_sufrida,l10n_ar.l10nar_base_chart_template,1.1.4.02.470,asset_current,Retention IIBB Chaco incurred,False
l10n_ar.base_percepcion_iibb_ha_sufrida,l10n_ar.l10nar_base_chart_template,1.1.4.02.480,asset_current,Perception IIBB Chaco incurred,False
l10n_ar.base_saldo_favor_iibb_ct,l10n_ar.l10nar_base_chart_template,1.1.4.02.490,asset_current,Balance in favor IIBB Chubut,False
l10n_ar.base_retencion_iibb_ct_sufrida,l10n_ar.l10nar_base_chart_template,1.1.4.02.500,asset_current,Retention IIBB Chubut incurred,False
l10n_ar.base_percepcion_iibb_ct_sufrida,l10n_ar.l10nar_base_chart_template,1.1.4.02.510,asset_current,Perception IIBB Chubut incurred,False
l10n_ar.base_saldo_favor_iibb_fo,l10n_ar.l10nar_base_chart_template,1.1.4.02.520,asset_current,Balance in favour IIBB Formosa,False
l10n_ar.base_retencion_iibb_fo_sufrida,l10n_ar.l10nar_base_chart_template,1.1.4.02.530,asset_current,Retention IIBB Formosa incurred,False
l10n_ar.base_percepcion_iibb_fo_sufrida,l10n_ar.l10nar_base_chart_template,1.1.4.02.540,asset_current,Perception IIBB Formosa incurred,False
l10n_ar.base_saldo_favor_iibb_mi,l10n_ar.l10nar_base_chart_template,1.1.4.02.550,asset_current,Balance in favour IIBB Missions,False
l10n_ar.base_retencion_iibb_mi_sufrida,l10n_ar.l10nar_base_chart_template,1.1.4.02.560,asset_current,Retention IIBB Misiones incurred,False
l10n_ar.base_percepcion_iibb_mi_sufrida,l10n_ar.l10nar_base_chart_template,1.1.4.02.570,asset_current,Perception IIBB Misiones incurred,False
l10n_ar.base_saldo_favor_iibb_ne,l10n_ar.l10nar_base_chart_template,1.1.4.02.580,asset_current,Balance in favour IIBB Neuquén,False
l10n_ar.base_retencion_iibb_ne_sufrida,l10n_ar.l10nar_base_chart_template,1.1.4.02.590,asset_current,Retention IIBB Neuquén incurred,False
l10n_ar.base_percepcion_iibb_ne_sufrida,l10n_ar.l10nar_base_chart_template,1.1.4.02.600,asset_current,Perception IIBB Neuquén incurred,False
l10n_ar.base_saldo_favor_iibb_lp,l10n_ar.l10nar_base_chart_template,1.1.4.02.610,asset_current,Balance in favor IIBB La Pampa,False
l10n_ar.base_retencion_iibb_lp_sufrida,l10n_ar.l10nar_base_chart_template,1.1.4.02.620,asset_current,Retention IIBB La Pampa incurred,False
l10n_ar.base_percepcion_iibb_lp_sufrida,l10n_ar.l10nar_base_chart_template,1.1.4.02.630,asset_current,Perception IIBB La Pampa incurred,False
l10n_ar.base_saldo_favor_iibb_rn,l10n_ar.l10nar_base_chart_template,1.1.4.02.640,asset_current,Balance in favor IIBB Río Negro,False
l10n_ar.base_retencion_iibb_rn_sufrida,l10n_ar.l10nar_base_chart_template,1.1.4.02.650,asset_current,Retention IIBB Río Negro incurred,False
l10n_ar.base_percepcion_iibb_rn_sufrida,l10n_ar.l10nar_base_chart_template,1.1.4.02.660,asset_current,Perception IIBB Río Negro incurred,False
l10n_ar.base_saldo_favor_iibb_az,l10n_ar.l10nar_base_chart_template,1.1.4.02.670,asset_current,Balance in favor IIBB Santa Cruz,False
l10n_ar.base_retencion_iibb_az_sufrida,l10n_ar.l10nar_base_chart_template,1.1.4.02.680,asset_current,Retention IIBB Santa Cruz incurred,False
l10n_ar.base_percepcion_iibb_az_sufrida,l10n_ar.l10nar_base_chart_template,1.1.4.02.690,asset_current,Perception IIBB Santa Cruz incurred,False
l10n_ar.base_saldo_favor_iibb_tf,l10n_ar.l10nar_base_chart_template,1.1.4.02.700,asset_current,Salt in favor IIBB Tierra del Fuego,False
l10n_ar.base_retencion_iibb_tf_sufrida,l10n_ar.l10nar_base_chart_template,1.1.4.02.710,asset_current,Retention IIBB Tierra del Fuego incurred,False
l10n_ar.base_percepcion_iibb_tf_sufrida,l10n_ar.l10nar_base_chart_template,1.1.4.02.720,asset_current,Perception IIBB Tierra del Fuego incurred,False
l10n_ar.base_sircreb,l10n_ar.l10nar_base_chart_template,1.1.4.02.730,asset_current,SIRCREB,False
l10n_ar.base_saldo_a_favor_suss,l10n_ar.l10nar_base_chart_template,1.1.4.03.010,asset_current,Balance for SUSS,False
l10n_ar.base_retencion_suss_sufrida,l10n_ar.l10nar_base_chart_template,1.1.4.03.020,asset_current,SUSS Retention incurred,False
l10n_ar.ri_iva_credito_fiscal,l10n_ar.l10nar_ri_chart_template,1.1.4.04.010,asset_current,Tax credit VAT,False
l10n_ar.ri_percepcion_iva_sufrida,l10n_ar.l10nar_ri_chart_template,1.1.4.04.020,asset_current,Perception VAT incurred,False
l10n_ar.ri_retencion_iva_sufrida,l10n_ar.l10nar_ri_chart_template,1.1.4.04.030,asset_current,Retention VAT incurred,False
l10n_ar.ri_iva_saldo_tecnico_favor,l10n_ar.l10nar_ri_chart_template,1.1.4.04.040,asset_current,VAT Technical balance,False
l10n_ar.ri_iva_saldo_libre_disponibilidad,l10n_ar.l10nar_ri_chart_template,1.1.4.04.050,asset_current,VAT Available balance,False
l10n_ar.base_anticipo_ganancias,l10n_ar.l10nar_ex_chart_template,1.1.4.05.010,asset_current,Advance to earnings,False
l10n_ar.base_percepcion_ganancias_sufrida,l10n_ar.l10nar_ex_chart_template,1.1.4.05.020,asset_current,Perception Income Tax incurred,False
l10n_ar.base_retencion_ganancias_sufrida,l10n_ar.l10nar_ex_chart_template,1.1.4.05.030,asset_current,Retention Profits incurred,False
l10n_ar.base_saldo_favor_ganancias,l10n_ar.l10nar_ex_chart_template,1.1.4.05.040,asset_current,Balance Profits,False
l10n_ar.base_imp_debitos_computables,l10n_ar.l10nar_base_chart_template,1.1.4.05.050,asset_current,Computable Debit Tax,False
l10n_ar.base_otros_creditos,l10n_ar.l10nar_base_chart_template,1.1.5.01.010,asset_receivable,Sundry Debtors,True
l10n_ar.base_materia_prima,l10n_ar.l10nar_base_chart_template,1.1.6.01.010,asset_current,Raw materials,False
l10n_ar.base_productos_en_proceso,l10n_ar.l10nar_base_chart_template,1.1.6.01.020,asset_current,Products in process,False
l10n_ar.base_productos_terminados,l10n_ar.l10nar_base_chart_template,1.1.6.01.030,asset_current,Finished products,False
l10n_ar.base_mercaderia_reventa,l10n_ar.l10nar_base_chart_template,1.1.6.01.040,asset_current,Resale merchandises,False
l10n_ar.base_anticipo_proveedores,l10n_ar.l10nar_base_chart_template,1.1.6.01.050,asset_current,Advance to suppliers,False
l10n_ar.base_instalaciones,l10n_ar.l10nar_base_chart_template,1.2.1.01.010,asset_fixed,Facilities,False
l10n_ar.base_amortizacion_acumulada_instalaciones,l10n_ar.l10nar_base_chart_template,1.2.1.01.020,asset_fixed,Accumulated amortization of installations,False
l10n_ar.base_maq_y_equipos,l10n_ar.l10nar_base_chart_template,1.2.1.02.010,asset_fixed,Machinery and equipments,False
l10n_ar.base_amortizacion_acumulada_maq_y_equipos,l10n_ar.l10nar_base_chart_template,1.2.1.02.020,asset_fixed,Accumulated amortization of machinery and equipment,False
l10n_ar.base_muebles_y_utiles,l10n_ar.l10nar_base_chart_template,1.2.1.03.010,asset_fixed,Furniture and tools,False
l10n_ar.base_amortizacion_acumulada_muebles_utiles,l10n_ar.l10nar_base_chart_template,1.2.1.03.020,asset_fixed,Accumulated amortization of furnitures and tools,False
l10n_ar.base_rodados,l10n_ar.l10nar_base_chart_template,1.2.1.04.010,asset_fixed,Rolling assets,False
l10n_ar.base_amortizacion_acumulada_rodados,l10n_ar.l10nar_base_chart_template,1.2.1.04.020,asset_fixed,Accumulated amortization of rolling assets,False
l10n_ar.base_derechos_de_marca,l10n_ar.l10nar_base_chart_template,1.2.2.01.010,asset_fixed,Trademark Rights,False
l10n_ar.base_amortizacion_acumulada_derechos_de_marca,l10n_ar.l10nar_base_chart_template,1.2.2.01.020,asset_fixed,Accrued amortization of trademark rights,False
l10n_ar.base_proveedores,l10n_ar.l10nar_base_chart_template,2.1.1.01.010,liability_payable,Suppliers,True
l10n_ar.base_cheques_diferidos,l10n_ar.l10nar_base_chart_template,2.1.1.01.020,liability_current,Deferred checks to pay,True
l10n_ar.base_cheques_rechazados,l10n_ar.l10nar_base_chart_template,2.1.1.01.030,liability_current,Rejected Checks,False
l10n_ar.base_anticipos_de_clientes,l10n_ar.l10nar_base_chart_template,2.1.1.01.040,liability_current,Customer advances,False
l10n_ar.base_alquileres_a_pagar,l10n_ar.l10nar_base_chart_template,2.1.1.01.050,liability_payable,Rentals to pay,True
l10n_ar.base_intereses_a_pagar,l10n_ar.l10nar_base_chart_template,2.1.2.01.010,liability_current,Interests to pay,False
l10n_ar.base_giro_en_descubierto,l10n_ar.l10nar_base_chart_template,2.1.2.01.020,liability_current,Overdraft bank account xxxxx,False
l10n_ar.base_otras_deudas_documentadas,l10n_ar.l10nar_base_chart_template,2.1.2.01.030,liability_current,Other documented debts,False
l10n_ar.base_prestamo_banco_x,l10n_ar.l10nar_base_chart_template,2.1.2.01.040,liability_non_current,Bank Loan xxxxxx,False
l10n_ar.base_acreedores_varios,l10n_ar.l10nar_base_chart_template,2.1.2.01.050,liability_payable,Various creditors,True
l10n_ar.base_tasa_municipal_a_pagar,l10n_ar.l10nar_base_chart_template,2.1.3.01.010,liability_payable,Municipal Tax payable,True
l10n_ar.base_plan_tasa_municipal_a_pagar,l10n_ar.l10nar_base_chart_template,2.1.3.01.020,liability_payable,Municipal Tax Plan payable,True
l10n_ar.base_iibb_a_pagar,l10n_ar.l10nar_base_chart_template,2.1.3.02.010,liability_payable,IIBB a pagar,True
l10n_ar.ri_retencion_sicore_a_pagar,l10n_ar.l10nar_ex_chart_template,2.1.3.02.020,liability_payable,SICORE payable,True
l10n_ar.ri_retencion_iibb_caba_aplicada,l10n_ar.l10nar_ex_chart_template,2.1.3.02.030,liability_current,Retention IIBB CABA applied,False
l10n_ar.ri_percepcion_iibb_caba_aplicada,l10n_ar.l10nar_ex_chart_template,2.1.3.02.040,liability_current,Perception IIBB CABA applied,False
l10n_ar.ri_retencion_iibb_ba_aplicada,l10n_ar.l10nar_ex_chart_template,2.1.3.02.050,liability_current,Retention IIBB ARBA applied,False
l10n_ar.ri_percepcion_iibb_ba_aplicada,l10n_ar.l10nar_ex_chart_template,2.1.3.02.060,liability_current,Perception IIBB ARBA applied,False
l10n_ar.ri_retencion_iibb_ca_aplicada,l10n_ar.l10nar_ex_chart_template,2.1.3.02.070,liability_current,Retention IIBB Catamarca applied,False
l10n_ar.ri_percepcion_iibb_ca_aplicada,l10n_ar.l10nar_ex_chart_template,2.1.3.02.080,liability_current,Perception IIBB Catamarca applied,False
l10n_ar.ri_retencion_iibb_co_aplicada,l10n_ar.l10nar_ex_chart_template,2.1.3.02.090,liability_current,Retention IIBB Córdoba applied,False
l10n_ar.ri_percepcion_iibb_co_aplicada,l10n_ar.l10nar_ex_chart_template,2.1.3.02.100,liability_current,Perception IIBB Córdoba applied,False
l10n_ar.ri_retencion_iibb_rr_aplicada,l10n_ar.l10nar_ex_chart_template,2.1.3.02.110,liability_current,Retention IIBB Corrientes applied,False
l10n_ar.ri_percepcion_iibb_rr_aplicada,l10n_ar.l10nar_ex_chart_template,2.1.3.02.120,liability_current,Perception IIBB Corrientes applied,False
l10n_ar.ri_retencion_iibb_er_aplicada,l10n_ar.l10nar_ex_chart_template,2.1.3.02.130,liability_current,Retention IIBB Entre Río applied,False
l10n_ar.ri_percepcion_iibb_er_aplicada,l10n_ar.l10nar_ex_chart_template,2.1.3.02.140,liability_current,Perception IIBB Entre Río applied,False
l10n_ar.ri_retencion_iibb_ju_aplicada,l10n_ar.l10nar_ex_chart_template,2.1.3.02.150,liability_current,Retention IIBB Jujuy applied,False
l10n_ar.ri_percepcion_iibb_ju_aplicada,l10n_ar.l10nar_ex_chart_template,2.1.3.02.160,liability_current,Perception IIBB Jujuy applied,False
l10n_ar.ri_retencion_iibb_za_aplicada,l10n_ar.l10nar_ex_chart_template,2.1.3.02.170,liability_current,Retention IIBB Mendoza applied,False
l10n_ar.ri_percepcion_iibb_za_aplicada,l10n_ar.l10nar_ex_chart_template,2.1.3.02.180,liability_current,Perception IIBB Mendoza applied,False
l10n_ar.ri_retencion_iibb_lr_aplicada,l10n_ar.l10nar_ex_chart_template,2.1.3.02.190,liability_current,Retention IIBB La Rioja applied,False
l10n_ar.ri_percepcion_iibb_lr_aplicada,l10n_ar.l10nar_ex_chart_template,2.1.3.02.200,liability_current,Perception IIBB La Rioja applied,False
l10n_ar.ri_retencion_iibb_sa_aplicada,l10n_ar.l10nar_ex_chart_template,2.1.3.02.210,liability_current,Retention IIBB Salta applied,False
l10n_ar.ri_percepcion_iibb_sa_aplicada,l10n_ar.l10nar_ex_chart_template,2.1.3.02.220,liability_current,Perception IIBB Salta applied,False
l10n_ar.ri_retencion_iibb_nn_aplicada,l10n_ar.l10nar_ex_chart_template,2.1.3.02.230,liability_current,Retention IIBB San Juan applied,False
l10n_ar.ri_percepcion_iibb_nn_aplicada,l10n_ar.l10nar_ex_chart_template,2.1.3.02.240,liability_current,Perception IIBB San Juan applied,False
l10n_ar.ri_retencion_iibb_sl_aplicada,l10n_ar.l10nar_ex_chart_template,2.1.3.02.250,liability_current,Retention IIBB San Luis applied,False
l10n_ar.ri_percepcion_iibb_sl_aplicada,l10n_ar.l10nar_ex_chart_template,2.1.3.02.260,liability_current,Perception IIBB San Luis applied,False
l10n_ar.ri_retencion_iibb_sf_aplicada,l10n_ar.l10nar_ex_chart_template,2.1.3.02.270,liability_current,Retention IIBB Santa Fe applied,False
l10n_ar.ri_percepcion_iibb_sf_aplicada,l10n_ar.l10nar_ex_chart_template,2.1.3.02.280,liability_current,Perception IIBB Santa Fe applied,False
l10n_ar.ri_retencion_iibb_se_aplicada,l10n_ar.l10nar_ex_chart_template,2.1.3.02.290,liability_current,Retention IIBB Santiago del Estero applied,False
l10n_ar.ri_percepcion_iibb_se_aplicada,l10n_ar.l10nar_ex_chart_template,2.1.3.02.300,liability_current,Perception IIBB Santiago del Estero applied,False
l10n_ar.ri_retencion_iibb_tn_aplicada,l10n_ar.l10nar_ex_chart_template,2.1.3.02.310,liability_current,Retention IIBB Tucumán applied,False
l10n_ar.ri_percepcion_iibb_tn_aplicada,l10n_ar.l10nar_ex_chart_template,2.1.3.02.320,liability_current,Perception IIBB Tucumán applied,False
l10n_ar.ri_retencion_iibb_ha_aplicada,l10n_ar.l10nar_ex_chart_template,2.1.3.02.330,liability_current,Retention IIBB Chaco applied,False
l10n_ar.ri_percepcion_iibb_ha_aplicada,l10n_ar.l10nar_ex_chart_template,2.1.3.02.340,liability_current,Perception IIBB Chaco applied,False
l10n_ar.ri_retencion_iibb_ct_aplicada,l10n_ar.l10nar_ex_chart_template,2.1.3.02.350,liability_current,Retention IIBB Chubut applied,False
l10n_ar.ri_percepcion_iibb_ct_aplicada,l10n_ar.l10nar_ex_chart_template,2.1.3.02.360,liability_current,Perception IIBB Chubut applied,False
l10n_ar.ri_retencion_iibb_fo_aplicada,l10n_ar.l10nar_ex_chart_template,2.1.3.02.370,liability_current,Retention IIBB Formosa applied,False
l10n_ar.ri_percepcion_iibb_fo_aplicada,l10n_ar.l10nar_ex_chart_template,2.1.3.02.380,liability_current,Perception IIBB Formosa applied,False
l10n_ar.ri_retencion_iibb_mi_aplicada,l10n_ar.l10nar_ex_chart_template,2.1.3.02.390,liability_current,Retention IIBB Misiones applied,False
l10n_ar.ri_percepcion_iibb_mi_aplicada,l10n_ar.l10nar_ex_chart_template,2.1.3.02.400,liability_current,Perception IIBB Misiones applied,False
l10n_ar.ri_retencion_iibb_ne_aplicada,l10n_ar.l10nar_ex_chart_template,2.1.3.02.410,liability_current,Retention IIBB Neuquén applied,False
l10n_ar.ri_percepcion_iibb_ne_aplicada,l10n_ar.l10nar_ex_chart_template,2.1.3.02.420,liability_current,Perception IIBB Neuquén applied,False
l10n_ar.ri_retencion_iibb_lp_aplicada,l10n_ar.l10nar_ex_chart_template,2.1.3.02.430,liability_current,Retention IIBB La Pampa applied,False
l10n_ar.ri_percepcion_iibb_lp_aplicada,l10n_ar.l10nar_ex_chart_template,2.1.3.02.440,liability_current,Perception IIBB La Pampa applied,False
l10n_ar.ri_retencion_iibb_rn_aplicada,l10n_ar.l10nar_ex_chart_template,2.1.3.02.450,liability_current,Retention IIBB Río Negro applied,False
l10n_ar.ri_percepcion_iibb_rn_aplicada,l10n_ar.l10nar_ex_chart_template,2.1.3.02.460,liability_current,Perception IIBB Río Negro applied,False
l10n_ar.ri_retencion_iibb_az_aplicada,l10n_ar.l10nar_ex_chart_template,2.1.3.02.470,liability_current,Retention IIBB Santa Cruz applied,False
l10n_ar.ri_percepcion_iibb_az_aplicada,l10n_ar.l10nar_ex_chart_template,2.1.3.02.480,liability_current,Perception IIBB Santa Cruz applied,False
l10n_ar.ri_retencion_iibb_tf_aplicada,l10n_ar.l10nar_ex_chart_template,2.1.3.02.490,liability_current,Retention IIBB Tierra del Fuego applied,False
l10n_ar.ri_percepcion_iibb_tf_aplicada,l10n_ar.l10nar_ex_chart_template,2.1.3.02.500,liability_current,Perception IIBB Tierra del Fuego applied,False
l10n_ar.ri_retencion_iibb_a_pagar,l10n_ar.l10nar_ex_chart_template,2.1.3.02.510,liability_payable,Retention/Perception IIBB payable,True
l10n_ar.base_plan_de_iibb_a_pagar,l10n_ar.l10nar_base_chart_template,2.1.3.02.520,liability_payable,IIBB Plan payable,True
l10n_ar.ri_iva_debito_fiscal,l10n_ar.l10nar_ri_chart_template,2.1.3.03.010,liability_current,Tax debit VAT,False
l10n_ar.ri_iva_saldo_a_pagar,l10n_ar.l10nar_ri_chart_template,2.1.3.03.020,liability_payable,VAT balance payable,True
l10n_ar.ri_retencion_iva_aplicada,l10n_ar.l10nar_ex_chart_template,2.1.3.03.030,liability_current,Retention VAT applied,False
l10n_ar.ri_percepcion_iva_aplicada,l10n_ar.l10nar_ex_chart_template,2.1.3.03.040,liability_current,Perception VAT applied,False
l10n_ar.base_plan_iva_a_pagar,l10n_ar.l10nar_ri_chart_template,2.1.3.03.050,liability_current,VAT Plan payable,False
l10n_ar.base_impuesto_ganancias_a_pagar,l10n_ar.l10nar_ex_chart_template,2.1.3.04.010,liability_payable,Income Tax payable,True
l10n_ar.ri_retencion_ganancias_aplicada,l10n_ar.l10nar_ex_chart_template,2.1.3.04.020,liability_current,Retention of profits applied,False
l10n_ar.ri_percepcion_ganancias_aplicada,l10n_ar.l10nar_ex_chart_template,2.1.3.04.030,liability_current,Perception Income Tax applied,False
l10n_ar.base_provision_imp_a_las_ganancias,l10n_ar.l10nar_ex_chart_template,2.1.3.04.040,liability_current,Provision for Income Tax,True
l10n_ar.base_anticipos_imp_a_las_ganancias_a_pagar,l10n_ar.l10nar_ex_chart_template,2.1.3.04.050,liability_current,Advance payment for taxes,True
l10n_ar.base_planes_a_pagar_afip,l10n_ar.l10nar_ex_chart_template,2.1.3.04.060,liability_non_current,Profit Plan payable,False
l10n_ar.base_sueldos_a_pagar,l10n_ar.l10nar_base_chart_template,2.1.4.01.010,liability_payable,Salaries payable,True
l10n_ar.base_suss_a_pagar,l10n_ar.l10nar_base_chart_template,2.1.4.01.020,liability_payable,Social Laws to Pay,True
l10n_ar.base_seguro_de_vida_a_pagar,l10n_ar.l10nar_base_chart_template,2.1.4.01.030,liability_payable,Life insurance payable,True
l10n_ar.base_art_a_pagar,l10n_ar.l10nar_base_chart_template,2.1.4.01.040,liability_payable,ART to Pay,True
l10n_ar.base_aportes_sindicales_a_pagar,l10n_ar.l10nar_base_chart_template,2.1.4.01.050,liability_payable,Union to pay,True
l10n_ar.base_embargos_a_depositar,l10n_ar.l10nar_base_chart_template,2.1.4.01.060,liability_payable,Embargos to deposit,True
l10n_ar.base_cta_particular_socio_x,l10n_ar.l10nar_base_chart_template,2.1.5.01.010,liability_non_current,Private account partner x,False
l10n_ar.base_proveedores_largo_plazo,l10n_ar.l10nar_base_chart_template,2.2.1.01.010,liability_non_current,Long-term Debt Suppliers,False
l10n_ar.base_prevision_sac_a_pagar,l10n_ar.l10nar_base_chart_template,2.2.2.01.010,liability_current,SAC Preview to Pay,False
l10n_ar.base_prevision_para_despidos,l10n_ar.l10nar_base_chart_template,2.2.2.01.020,liability_current,Provision for,False
l10n_ar.base_prevision_gastos,l10n_ar.l10nar_base_chart_template,2.2.2.01.030,liability_current,Expenses estimate,False
l10n_ar.base_capital,l10n_ar.l10nar_base_chart_template,3.1.1.01.010,equity,Suscribed capital,False
l10n_ar.base_ajustes_de_capital,l10n_ar.l10nar_base_chart_template,3.1.1.01.020,equity,Adjustments of capital,False
l10n_ar.base_aportes_no_capitalizados,l10n_ar.l10nar_base_chart_template,3.1.1.01.030,equity,Non-capitalized contributions,False
l10n_ar.base_reserva_legal,l10n_ar.l10nar_base_chart_template,3.2.1.01.010,equity,Legal reserve,False
l10n_ar.base_reserva_estatuitaria,l10n_ar.l10nar_base_chart_template,3.2.1.01.020,equity,Statutory reserve,False
l10n_ar.base_futuras_inversiones,l10n_ar.l10nar_base_chart_template,3.2.1.01.030,equity,Future investment reserves,False
l10n_ar.base_reservas_facultativas,l10n_ar.l10nar_base_chart_template,3.2.1.01.040,equity,Optional reserves,False
l10n_ar.base_resultado_del_ejercicio,l10n_ar.l10nar_base_chart_template,3.3.1.01.010,equity_unaffected,Result of the year,False
l10n_ar.base_resultado_acumulados,l10n_ar.l10nar_base_chart_template,3.3.1.01.020,equity,Results of previous exercises,False
l10n_ar.base_ajuste_resultados,l10n_ar.l10nar_base_chart_template,3.3.1.01.030,equity,Adjustments of result of previous years,False
l10n_ar.base_venta_de_mercaderia,l10n_ar.l10nar_base_chart_template,4.1.1.01.010,income,Sale of Goods,False
l10n_ar.base_venta_de_servicios,l10n_ar.l10nar_base_chart_template,4.1.1.01.020,income,Sale of Services,False
l10n_ar.base_resultado_intereses_ganados,l10n_ar.l10nar_base_chart_template,4.2.1.01.010,income_other,Interests earned,False
l10n_ar.base_diferencias_de_cambio,l10n_ar.l10nar_base_chart_template,4.2.1.01.020,income_other,Change differences,False
l10n_ar.base_ajuste_por_redondeo,l10n_ar.l10nar_base_chart_template,4.2.1.01.030,income_other,Rounding adjustment,False
l10n_ar.base_resultado_venta_bienes_de_uso,l10n_ar.l10nar_base_chart_template,4.3.1.01.010,income_other,Result of Sales of Goods,False
l10n_ar.base_recupero_de_gastos,l10n_ar.l10nar_base_chart_template,4.3.1.01.020,income_other,Cost recovery,False
l10n_ar.base_aportes_no_reembolsables,l10n_ar.l10nar_base_chart_template,4.3.1.01.030,income_other,Non-refundable contributions (subsidies),False
l10n_ar.base_cmv,l10n_ar.l10nar_base_chart_template,5.1.1.01.010,expense,Cost of Goods sold,False
l10n_ar.base_descuentos_obtenidos,l10n_ar.l10nar_base_chart_template,5.1.1.01.020,expense,Discounts obtained,False
l10n_ar.base_compra_mercaderia,l10n_ar.l10nar_base_chart_template,5.1.1.01.030,expense,Purchase of Goods,False
l10n_ar.base_haberes_produccion,l10n_ar.l10nar_base_chart_template,5.1.2.01.010,expense,Salaries and Production SAC,False
l10n_ar.base_cargas_sociales_produccion,l10n_ar.l10nar_base_chart_template,5.1.2.01.020,expense,Production Social Charges,False
l10n_ar.base_gastos_varios_produccion,l10n_ar.l10nar_base_chart_template,5.1.2.01.030,expense,Miscellaneous Production expenses,False
l10n_ar.base_alquileres_produccion,l10n_ar.l10nar_base_chart_template,5.1.2.01.040,expense,Production rentals,False
l10n_ar.base_servicio_de_luz_produccion,l10n_ar.l10nar_base_chart_template,5.1.2.01.050,expense,Production Electrical Service,False
l10n_ar.base_servicio_de_agua_produccion,l10n_ar.l10nar_base_chart_template,5.1.2.01.060,expense,Production Water Service,False
l10n_ar.base_servicio_de_gas_produccion,l10n_ar.l10nar_base_chart_template,5.1.2.01.070,expense,Production Gas Service,False
l10n_ar.base_impuesto_inmobiliario_produccion,l10n_ar.l10nar_base_chart_template,5.1.2.01.080,expense,Production Buildings Tax ,False
l10n_ar.base_mantenimiento_y_reparaciones_produccion,l10n_ar.l10nar_base_chart_template,5.1.2.01.090,expense,Maintenance and Repairs Production,False
l10n_ar.base_higiene_y_seguridad,l10n_ar.l10nar_base_chart_template,5.1.2.01.100,expense,Hygiene and Safety,False
l10n_ar.base_honorarios_produccion,l10n_ar.l10nar_base_chart_template,5.1.2.01.110,expense,Production fees,False
l10n_ar.base_mantenimiento_y_limpieza,l10n_ar.l10nar_base_chart_template,5.1.2.01.120,expense,Maintenance and cleaning,False
l10n_ar.base_seguros_produccion,l10n_ar.l10nar_base_chart_template,5.1.2.01.130,expense,Production Insurance,False
l10n_ar.base_haberes_comerciales,l10n_ar.l10nar_base_chart_template,5.2.1.01.010,expense,Salaries and Commercial SAC,False
l10n_ar.base_cargas_sociales_comerciales,l10n_ar.l10nar_base_chart_template,5.2.1.01.020,expense,Commercial Social Charges,False
l10n_ar.base_gastos_varios_comerciales,l10n_ar.l10nar_base_chart_template,5.2.1.01.030,expense,Miscellaneous Commercial expenses,False
l10n_ar.base_alquileres_comerciales,l10n_ar.l10nar_base_chart_template,5.2.1.01.040,expense,Commercial rentals,False
l10n_ar.base_movilidad_y_viaticos,l10n_ar.l10nar_base_chart_template,5.2.1.01.050,expense,Mobility and travel expenses,False
l10n_ar.base_publicidad,l10n_ar.l10nar_base_chart_template,5.2.1.01.060,expense,Advertising,False
l10n_ar.base_comisiones,l10n_ar.l10nar_base_chart_template,5.2.1.01.070,expense,Commissions paid,False
l10n_ar.base_servicios_de_luz_ecomercial,l10n_ar.l10nar_base_chart_template,5.2.1.01.080,expense,Commercial Electrical Service,False
l10n_ar.base_servicio_de_agua_comercial,l10n_ar.l10nar_base_chart_template,5.2.1.01.090,expense,Commercial Water Service,False
l10n_ar.base_servicio_de_gas_comercial,l10n_ar.l10nar_base_chart_template,5.2.1.01.100,expense,Commercial Gas Service,False
l10n_ar.base_honorarios_comercial,l10n_ar.l10nar_base_chart_template,5.2.1.01.110,expense,Commercial fees,False
l10n_ar.base_patentes_comercial,l10n_ar.l10nar_base_chart_template,5.2.1.01.120,expense,Commercial patents,False
l10n_ar.base_seguros_comercial,l10n_ar.l10nar_base_chart_template,5.2.1.01.130,expense,Commercial Insurance,False
l10n_ar.base_haberes_administrativos,l10n_ar.l10nar_base_chart_template,5.3.1.01.010,expense,Salaries and Administrative SAC,False
l10n_ar.base_cargas_sociales_administrativos,l10n_ar.l10nar_base_chart_template,5.3.1.01.020,expense,Administrative Social Charges,False
l10n_ar.base_gastos_varios_administrativos,l10n_ar.l10nar_base_chart_template,5.3.1.01.030,expense,Miscellaneous Administrative expenses,False
l10n_ar.base_alquileres_administrativos,l10n_ar.l10nar_base_chart_template,5.3.1.01.040,expense,Administrative rentals,False
l10n_ar.base_servicio_de_luz_administrativos,l10n_ar.l10nar_base_chart_template,5.3.1.01.050,expense,Administrative Electrical Service,False
l10n_ar.base_servicio_de_agua_administrativos,l10n_ar.l10nar_base_chart_template,5.3.1.01.060,expense,Administrative Water Service,False
l10n_ar.base_servicio_de_gas_administrativos,l10n_ar.l10nar_base_chart_template,5.3.1.01.070,expense,Administrative Gas Service,False
l10n_ar.base_servicio_de_internet,l10n_ar.l10nar_base_chart_template,5.3.1.01.080,expense,Internet Service,False
l10n_ar.base_sistema_y_software,l10n_ar.l10nar_base_chart_template,5.3.1.01.090,expense,System and Software,False
l10n_ar.base_cadeteria_y_franqueo,l10n_ar.l10nar_base_chart_template,5.3.1.01.100,expense,Freight and postage,False
l10n_ar.base_honorarios_administracion,l10n_ar.l10nar_base_chart_template,5.3.1.01.110,expense,Administration fees,False
l10n_ar.base_articulos_de_libreria,l10n_ar.l10nar_base_chart_template,5.3.1.01.120,expense,Library articles,False
l10n_ar.base_seguros_administracion,l10n_ar.l10nar_base_chart_template,5.3.1.01.130,expense,Administration Insurance,False
l10n_ar.base_sellados_y_certificaciones,l10n_ar.l10nar_base_chart_template,5.3.1.01.140,expense,Seals and Certifications,False
l10n_ar.base_tasa_municipal,l10n_ar.l10nar_base_chart_template,5.4.1.01.010,expense,Municipal Tax,False
l10n_ar.base_impuestos_iibb_caba,l10n_ar.l10nar_base_chart_template,5.4.2.01.010,expense,IIBB CABA,False
l10n_ar.base_impuestos_iibb_ba,l10n_ar.l10nar_base_chart_template,5.4.2.01.020,expense,IIBB ARBA,False
l10n_ar.base_impuestos_iibb_ca,l10n_ar.l10nar_base_chart_template,5.4.2.01.030,expense,IIBB Catamarca,False
l10n_ar.base_impuestos_iibb_co,l10n_ar.l10nar_base_chart_template,5.4.2.01.040,expense,IIBB Córdoba,False
l10n_ar.base_impuestos_iibb_rr,l10n_ar.l10nar_base_chart_template,5.4.2.01.050,expense,IIBB Corrientes,False
l10n_ar.base_impuestos_iibb_er,l10n_ar.l10nar_base_chart_template,5.4.2.01.060,expense,IIBB Entre Ríos,False
l10n_ar.base_impuestos_iibb_ju,l10n_ar.l10nar_base_chart_template,5.4.2.01.070,expense,IIBB Jujuy,False
l10n_ar.base_impuestos_iibb_za,l10n_ar.l10nar_base_chart_template,5.4.2.01.080,expense,IIBB Mendoza,False
l10n_ar.base_impuestos_iibb_lr,l10n_ar.l10nar_base_chart_template,5.4.2.01.090,expense,IIBB La Rioja,False
l10n_ar.base_impuestos_iibb_sa,l10n_ar.l10nar_base_chart_template,5.4.2.01.100,expense,IIBB Salta,False
l10n_ar.base_impuestos_iibb_nn,l10n_ar.l10nar_base_chart_template,5.4.2.01.110,expense,IIBB San Juan,False
l10n_ar.base_impuestos_iibb_sl,l10n_ar.l10nar_base_chart_template,5.4.2.01.120,expense,IIBB San Luis,False
l10n_ar.base_impuestos_iibb_sf,l10n_ar.l10nar_base_chart_template,5.4.2.01.130,expense,IIBB Santa Fe,False
l10n_ar.base_impuestos_iibb_se,l10n_ar.l10nar_base_chart_template,5.4.2.01.140,expense,IIBB Santiago del Estero,False
l10n_ar.base_impuestos_iibb_tn,l10n_ar.l10nar_base_chart_template,5.4.2.01.150,expense,IIBB Tucumán,False
l10n_ar.base_impuestos_iibb_ha,l10n_ar.l10nar_base_chart_template,5.4.2.01.160,expense,IIBB Chaco,False
l10n_ar.base_impuestos_iibb_ct,l10n_ar.l10nar_base_chart_template,5.4.2.01.170,expense,IIBB Chubut,False
l10n_ar.base_impuestos_iibb_fo,l10n_ar.l10nar_base_chart_template,5.4.2.01.180,expense,IIBB Formosa,False
l10n_ar.base_impuestos_iibb_mi,l10n_ar.l10nar_base_chart_template,5.4.2.01.190,expense,IIBB Misiones,False
l10n_ar.base_impuestos_iibb_ne,l10n_ar.l10nar_base_chart_template,5.4.2.01.200,expense,IIBB Neuquén,False
l10n_ar.base_impuestos_iibb_lp,l10n_ar.l10nar_base_chart_template,5.4.2.01.210,expense,IIBB La Pampa,False
l10n_ar.base_impuestos_iibb_rn,l10n_ar.l10nar_base_chart_template,5.4.2.01.220,expense,IIBB Río Negro,False
l10n_ar.base_impuestos_iibb_az,l10n_ar.l10nar_base_chart_template,5.4.2.01.230,expense,IIBB Santa Cruz,False
l10n_ar.base_impuestos_iibb_tf,l10n_ar.l10nar_base_chart_template,5.4.2.01.240,expense,IIBB Tierra del Fuego,False
l10n_ar.base_impuestos_debitos_y_creditos,l10n_ar.l10nar_base_chart_template,5.4.3.01.010,expense,Taxes on bank credits and debits,False
l10n_ar.base_impuestos_a_las_ganancias,l10n_ar.l10nar_ex_chart_template,5.5.1.01.010,expense,Taxes on profits,False
l10n_ar.base_resultado_intereses_y_recargos,l10n_ar.l10nar_base_chart_template,5.6.1.01.020,expense,Interest on loans,False
l10n_ar.base_intereses_por_descubierto,l10n_ar.l10nar_base_chart_template,5.6.1.01.030,expense,Overdraft interests,False
l10n_ar.base_intereses_por_venta_de_valores,l10n_ar.l10nar_base_chart_template,5.6.1.01.040,expense,Interests on valuable sales,False
l10n_ar.base_intereses_fiscales,l10n_ar.l10nar_base_chart_template,5.6.1.01.050,expense,Fiscal interests,False
l10n_ar.base_gastos_bancarios,l10n_ar.l10nar_base_chart_template,5.6.1.01.060,expense,Banking costs,False
l10n_ar.base_r_e_c_p_a_m,l10n_ar.l10nar_base_chart_template,5.6.1.01.070,expense,R.E.C.P.A.M.,False
l10n_ar.base_amortizacion_instalaciones,l10n_ar.l10nar_base_chart_template,5.7.1.01.010,expense_depreciation,Amortization of installations,False
l10n_ar.base_amortizacion_maq_y_equipos,l10n_ar.l10nar_base_chart_template,5.7.1.01.020,expense_depreciation,Amortization of machinery and equipments,False
l10n_ar.base_amortizacion_muebles_utiles,l10n_ar.l10nar_base_chart_template,5.7.1.01.030,expense_depreciation,Amortization of furnitures and tools,False
l10n_ar.base_amortizacion_rodados,l10n_ar.l10nar_base_chart_template,5.7.1.01.040,expense_depreciation,Amortization of rolling assets,False
l10n_ar.base_amortizacion_derechos_de_marca,l10n_ar.l10nar_base_chart_template,5.7.1.01.050,expense_depreciation,Amortization of trademark rights,False
l10n_ar.base_contrapartida_auxiliar,l10n_ar.l10nar_base_chart_template,6.0.0.00.010,asset_current,Auxiliary counterpart,False
