"id","name","code","account_type","note","chart_template_id/id","nocreate","reconcile"
"chartgr_10_00","Land","10","asset_fixed","","l10n_gr.l10n_gr_chart_template","False","False"
"chartgr_10_01","Gross amount (cost or revaluation) of land","1001","asset_fixed","","l10n_gr.l10n_gr_chart_template","False","False"
"chartgr_10_02","Accumulated impairment","1002","asset_fixed","","l10n_gr.l10n_gr_chart_template","False","False"
"chartgr_11_00","Depreciable land improvements","11","asset_fixed","","l10n_gr.l10n_gr_chart_template","False","False"
"chartgr_11_01","Gross amount (cost or revaluation) of depreciable land improvements","1101","asset_fixed","","l10n_gr.l10n_gr_chart_template","False","False"
"chartgr_11_02","Accumulated depreciation","1102","asset_fixed","","l10n_gr.l10n_gr_chart_template","False","False"
"chartgr_11_03","Accumulated impairment","1103","asset_fixed","","l10n_gr.l10n_gr_chart_template","False","False"
"chartgr_12_00","Buildings and physical infrastructure","12","asset_fixed","","l10n_gr.l10n_gr_chart_template","False","False"
"chartgr_12_01","Gross amount (cost or revaluation)","1201","asset_fixed","","l10n_gr.l10n_gr_chart_template","False","False"
"chartgr_12_02","Accumulated depreciation","1202","asset_fixed","","l10n_gr.l10n_gr_chart_template","False","False"
"chartgr_12_03","Accumulated impairment","1203","asset_fixed","","l10n_gr.l10n_gr_chart_template","False","False"
"chartgr_13_00","Machinery","13","asset_non_current","","l10n_gr.l10n_gr_chart_template","False","False"
"chartgr_13_01","Acquisition cost","1301","asset_non_current","","l10n_gr.l10n_gr_chart_template","False","False"
"chartgr_13_02","Accumulated depreciation","1302","asset_non_current","","l10n_gr.l10n_gr_chart_template","False","False"
"chartgr_13_03","Accumulated impairment","1303","asset_non_current","","l10n_gr.l10n_gr_chart_template","False","False"
"chartgr_14_00","Transportation equipment","14","asset_non_current","","l10n_gr.l10n_gr_chart_template","False","False"
"chartgr_14_01","Acquisition cost","1401","asset_non_current","","l10n_gr.l10n_gr_chart_template","False","False"
"chartgr_14_02","Accumulated depreciation","1402","asset_non_current","","l10n_gr.l10n_gr_chart_template","False","False"
"chartgr_14_03","Accumulated impairment","1403","asset_non_current","","l10n_gr.l10n_gr_chart_template","False","False"
"chartgr_15_00","Other equipment","15","asset_non_current","","l10n_gr.l10n_gr_chart_template","False","False"
"chartgr_15_01","Acquisition cost","1501","asset_non_current","","l10n_gr.l10n_gr_chart_template","False","False"
"chartgr_15_02","Accumulated depreciation","1502","asset_non_current","","l10n_gr.l10n_gr_chart_template","False","False"
"chartgr_15_03","Accumulated impairment","1503","asset_non_current","","l10n_gr.l10n_gr_chart_template","False","False"
"chartgr_16_00","Investment property","16","asset_non_current","","l10n_gr.l10n_gr_chart_template","False","False"
"chartgr_16_01","Gross amount (cost or revaluation)","1601","asset_non_current","","l10n_gr.l10n_gr_chart_template","False","False"
"chartgr_16_02","Accumulated depreciation","1602","asset_non_current","","l10n_gr.l10n_gr_chart_template","False","False"
"chartgr_16_03","Accumulated impairment","1603","asset_non_current","","l10n_gr.l10n_gr_chart_template","False","False"
"chartgr_17_00","Biological fixed assets","17","asset_non_current","","l10n_gr.l10n_gr_chart_template","False","False"
"chartgr_17_01","Living animals","1701","asset_non_current","","l10n_gr.l10n_gr_chart_template","False","False"
"chartgr_17_01_01","Gross amount (cost or revaluation)","170101","asset_non_current","","l10n_gr.l10n_gr_chart_template","False","False"
"chartgr_17_01_02","Accumulated depreciation","170102","asset_non_current","","l10n_gr.l10n_gr_chart_template","False","False"
"chartgr_17_01_03","Accumulated impairment","170103","asset_non_current","","l10n_gr.l10n_gr_chart_template","False","False"
"chartgr_17_02","Trees and plants","1702","asset_non_current","","l10n_gr.l10n_gr_chart_template","False","False"
"chartgr_17_02_01","Gross amount (cost or revaluation)","170201","asset_non_current","","l10n_gr.l10n_gr_chart_template","False","False"
"chartgr_17_02_02","Accumulated depreciation","170202","asset_non_current","","l10n_gr.l10n_gr_chart_template","False","False"
"chartgr_17_02_03","Accumulated impairment","170203","asset_non_current","","l10n_gr.l10n_gr_chart_template","False","False"
"chartgr_18_00","Intangibles","18","asset_non_current","","l10n_gr.l10n_gr_chart_template","False","False"
"chartgr_18_01","Development expenditure","1801","asset_non_current","","l10n_gr.l10n_gr_chart_template","False","False"
"chartgr_18_01_01","Acquisition cost of development expenditure","180101","asset_non_current","","l10n_gr.l10n_gr_chart_template","False","False"
"chartgr_18_01_02","Accumulated depreciation of development expenditure","180102","asset_non_current","","l10n_gr.l10n_gr_chart_template","False","False"
"chartgr_18_01_03","Accumulated impairment of development expenditure","180103","asset_non_current","","l10n_gr.l10n_gr_chart_template","False","False"
"chartgr_18_02","Goodwill","1802","asset_non_current","","l10n_gr.l10n_gr_chart_template","False","False"
"chartgr_18_02_01","Acquisition cost of goodwill","180201","asset_non_current","","l10n_gr.l10n_gr_chart_template","False","False"
"chartgr_18_02_02","Accumulated depreciation of goodwill","180202","asset_non_current","","l10n_gr.l10n_gr_chart_template","False","False"
"chartgr_18_02_03","Accumulated impairment of goodwill","180203","asset_non_current","","l10n_gr.l10n_gr_chart_template","False","False"
"chartgr_18_03","Other intangibles","1803","asset_non_current","","l10n_gr.l10n_gr_chart_template","False","False"
"chartgr_18_03_01","Acquisition cost of other intangibles","180301","asset_non_current","","l10n_gr.l10n_gr_chart_template","False","False"
"chartgr_18_03_02","Accumulated depreciation of other intangibles","180302","asset_non_current","","l10n_gr.l10n_gr_chart_template","False","False"
"chartgr_18_03_03","Accumulated impairment of other intangibles","180303","asset_non_current","","l10n_gr.l10n_gr_chart_template","False","False"
"chartgr_20_00","Merchandise","20","asset_non_current","","l10n_gr.l10n_gr_chart_template","False","False"
"chartgr_20_01","Merchandise – opening balance","2001","asset_non_current","","l10n_gr.l10n_gr_chart_template","False","False"
"chartgr_20_02","Purchases of merchandise","2002","asset_non_current","","l10n_gr.l10n_gr_chart_template","False","False"
"chartgr_20_03","Discounts and allowances of merchandise","2003","asset_non_current","","l10n_gr.l10n_gr_chart_template","False","False"
"chartgr_20_04","Returns of merchandise","2004","asset_non_current","","l10n_gr.l10n_gr_chart_template","False","False"
"chartgr_20_05","Write-downs of merchandise","2005","asset_non_current","","l10n_gr.l10n_gr_chart_template","False","False"
"chartgr_20_06","Merchandise – closing balance","2006","asset_non_current","","l10n_gr.l10n_gr_chart_template","False","False"
"chartgr_21_00","Finished products","21","asset_non_current","","l10n_gr.l10n_gr_chart_template","False","False"
"chartgr_21_01","Finished products – opening balance","2101","asset_non_current","","l10n_gr.l10n_gr_chart_template","False","False"
"chartgr_21_02","Production of goods","2102","asset_non_current","","l10n_gr.l10n_gr_chart_template","False","False"
"chartgr_21_03","Write-downs of goods","2103","asset_non_current","","l10n_gr.l10n_gr_chart_template","False","False"
"chartgr_21_04","Finished products – closing balance","2104","asset_non_current","","l10n_gr.l10n_gr_chart_template","False","False"
"chartgr_22_00","Biological current assets","22","asset_non_current","","l10n_gr.l10n_gr_chart_template","False","False"
"chartgr_22_01","Living Animals","2201","asset_non_current","","l10n_gr.l10n_gr_chart_template","False","False"
"chartgr_22_01_01","Living Animals – opening balance","220101","asset_non_current","","l10n_gr.l10n_gr_chart_template","False","False"
"chartgr_22_01_02","Purchases of living animals","220102","asset_non_current","","l10n_gr.l10n_gr_chart_template","False","False"
"chartgr_22_01_03","Discounts and allowances on living animals","220103","asset_non_current","","l10n_gr.l10n_gr_chart_template","False","False"
"chartgr_22_01_04","Returns of living animals","220104","asset_non_current","","l10n_gr.l10n_gr_chart_template","False","False"
"chartgr_22_01_05","Write-downs of living animals","220105","asset_non_current","","l10n_gr.l10n_gr_chart_template","False","False"
"chartgr_22_01_06","Fair value differences – living animals","220106","asset_non_current","","l10n_gr.l10n_gr_chart_template","False","False"
"chartgr_22_01_07","Living Animals – closing balance","220107","asset_non_current","","l10n_gr.l10n_gr_chart_template","False","False"
"chartgr_22_02","Trees and plants","2202","asset_non_current","","l10n_gr.l10n_gr_chart_template","False","False"
"chartgr_22_02_01","Trees and plants – opening balance","220201","asset_non_current","","l10n_gr.l10n_gr_chart_template","False","False"
"chartgr_22_02_02","Purchases of trees and plants","220202","asset_non_current","","l10n_gr.l10n_gr_chart_template","False","False"
"chartgr_22_02_03","Discounts and allowances on trees and plants","220203","asset_non_current","","l10n_gr.l10n_gr_chart_template","False","False"
"chartgr_22_02_04","Returns of trees and plants","220204","asset_non_current","","l10n_gr.l10n_gr_chart_template","False","False"
"chartgr_22_02_05","Write-downs of trees and plants","220205","asset_non_current","","l10n_gr.l10n_gr_chart_template","False","False"
"chartgr_22_02_06","Fair value differences of trees and plants","220206","asset_non_current","","l10n_gr.l10n_gr_chart_template","False","False"
"chartgr_22_02_07","Trees and plants – closing balance","220207","asset_non_current","","l10n_gr.l10n_gr_chart_template","False","False"
"chartgr_23_00","Work in progress","23","asset_non_current","","l10n_gr.l10n_gr_chart_template","False","False"
"chartgr_23_01","Opening balance of work in progress","2301","asset_non_current","","l10n_gr.l10n_gr_chart_template","False","False"
"chartgr_23_02","Closing balance of work in progress","2302","asset_non_current","","l10n_gr.l10n_gr_chart_template","False","False"
"chartgr_24_00","Materials","24","asset_non_current","","l10n_gr.l10n_gr_chart_template","False","False"
"chartgr_24_01","Materials–opening balance of materials","2401","asset_non_current","","l10n_gr.l10n_gr_chart_template","False","False"
"chartgr_24_02","Purchases of materials","2402","asset_non_current","","l10n_gr.l10n_gr_chart_template","False","False"
"chartgr_24_03","Discounts and allowances of materials","2403","asset_non_current","","l10n_gr.l10n_gr_chart_template","False","False"
"chartgr_24_04","Returns of materials","2404","asset_non_current","","l10n_gr.l10n_gr_chart_template","False","False"
"chartgr_24_05","Write-downs of materials","2405","asset_non_current","","l10n_gr.l10n_gr_chart_template","False","False"
"chartgr_24_06","Materials – closing balance","2406","asset_non_current","","l10n_gr.l10n_gr_chart_template","False","False"
"chartgr_25_00","Packing materials","25","asset_non_current","","l10n_gr.l10n_gr_chart_template","False","False"
"chartgr_25_01","Packing materials – opening balance","2501","asset_non_current","","l10n_gr.l10n_gr_chart_template","False","False"
"chartgr_25_02","Purchases of packing materials","2502","asset_non_current","","l10n_gr.l10n_gr_chart_template","False","False"
"chartgr_25_03","Discounts and allowances of packing materials","2503","asset_non_current","","l10n_gr.l10n_gr_chart_template","False","False"
"chartgr_25_04","Returns of packing materials","2504","asset_non_current","","l10n_gr.l10n_gr_chart_template","False","False"
"chartgr_25_05","Write-downs of packing materials","2505","asset_non_current","","l10n_gr.l10n_gr_chart_template","False","False"
"chartgr_25_06","Packing materials – closing balance","2506","asset_non_current","","l10n_gr.l10n_gr_chart_template","False","False"
"chartgr_26_00","Spare parts","26","asset_non_current","","l10n_gr.l10n_gr_chart_template","False","False"
"chartgr_26_01","Spare parts – opening balance","2601","asset_non_current","","l10n_gr.l10n_gr_chart_template","False","False"
"chartgr_26_02","Purchases of spare parts","2602","asset_non_current","","l10n_gr.l10n_gr_chart_template","False","False"
"chartgr_26_03","Discounts and allowances of spare parts","2603","asset_non_current","","l10n_gr.l10n_gr_chart_template","False","False"
"chartgr_26_04","Returns of spare parts","2604","asset_non_current","","l10n_gr.l10n_gr_chart_template","False","False"
"chartgr_26_05","Write-downs of spare parts","2605","asset_non_current","","l10n_gr.l10n_gr_chart_template","False","False"
"chartgr_26_06","Spare parts – closing balance","2606","asset_non_current","","l10n_gr.l10n_gr_chart_template","False","False"
"chartgr_27_00","Other inventory","27","asset_non_current","","l10n_gr.l10n_gr_chart_template","False","False"
"chartgr_27_01","Other inventory – opening balance","2701","asset_non_current","","l10n_gr.l10n_gr_chart_template","False","False"
"chartgr_27_02","Purchases of other inventory","2702","asset_non_current","","l10n_gr.l10n_gr_chart_template","False","False"
"chartgr_27_03","Discounts and allowances of other inventory","2703","asset_non_current","","l10n_gr.l10n_gr_chart_template","False","False"
"chartgr_27_04","Returns of other inventory","2704","asset_non_current","","l10n_gr.l10n_gr_chart_template","False","False"
"chartgr_27_05","Write-downs of other inventory","2705","asset_non_current","","l10n_gr.l10n_gr_chart_template","False","False"
"chartgr_27_06","Other inventory – closing balance","2706","asset_non_current","","l10n_gr.l10n_gr_chart_template","False","False"
"chartgr_30_00","Accounts receivable","30","asset_receivable","","l10n_gr.l10n_gr_chart_template","False","True"
"chartgr_30_01","Accounts receivables from non-related entities","3001","asset_receivable","","l10n_gr.l10n_gr_chart_template","False","True"
"chartgr_30_01_01","Accounts receivables from non-related entities – nominal amount","300101","asset_receivable","","l10n_gr.l10n_gr_chart_template","False","True"
"chartgr_30_01_02","Interest not accrued on receivables from non-related entities","300102","asset_current","","l10n_gr.l10n_gr_chart_template","False","False"
"chartgr_30_01_03","Advances from customers – non-related entities","300103","liability_current","","l10n_gr.l10n_gr_chart_template","False","False"
"chartgr_30_01_04","Impairment of receivables from non-related entities","300104","asset_current","","l10n_gr.l10n_gr_chart_template","False","False"
"chartgr_30_02","Accounts receivables from related entities","3002","asset_receivable","","l10n_gr.l10n_gr_chart_template","False","True"
"chartgr_30_02_01","Accounts receivables from related entities – nominal amount","300201","asset_receivable","","l10n_gr.l10n_gr_chart_template","False","True"
"chartgr_30_02_02","Interest not-accrued on receivables from related entities","300202","asset_current","","l10n_gr.l10n_gr_chart_template","False","False"
"chartgr_30_02_03","Advances from customers – related entities","300203","liability_current","","l10n_gr.l10n_gr_chart_template","False","False"
"chartgr_30_02_04","Impairment of receivables from related entities","300204","asset_current","","l10n_gr.l10n_gr_chart_template","False","False"
"chartgr_31_00","Notes receivables","31","asset_receivable","","l10n_gr.l10n_gr_chart_template","False","True"
"chartgr_31_01","Notes receivables from non-related entities","3101","asset_receivable","","l10n_gr.l10n_gr_chart_template","False","True"
"chartgr_31_01_01","Notes receivables from non-related entities – nominal amount","310101","asset_receivable","","l10n_gr.l10n_gr_chart_template","False","True"
"chartgr_31_01_02","Interest not-accrued on receivables from non-related entities","310102","asset_current","","l10n_gr.l10n_gr_chart_template","False","False"
"chartgr_31_01_03","Impairment of receivables from non-related entities","310103","asset_current","","l10n_gr.l10n_gr_chart_template","False","False"
"chartgr_31_02","Notes receivables from related entities","3102","asset_receivable","","l10n_gr.l10n_gr_chart_template","False","True"
"chartgr_31_02_01","Notes receivables from related entities – nominal amount","310201","asset_receivable","","l10n_gr.l10n_gr_chart_template","False","True"
"chartgr_31_02_02","Interest not-accrued on receivables from related entities","310202","asset_current","","l10n_gr.l10n_gr_chart_template","False","False"
"chartgr_31_02_03","Impairment of receivables from related entities","310203","asset_current","","l10n_gr.l10n_gr_chart_template","False","False"
"chartgr_32_00","Loans given","32","asset_current","","l10n_gr.l10n_gr_chart_template","False","False"
"chartgr_32_01","Loans given to related parties","3201","asset_current","","l10n_gr.l10n_gr_chart_template","False","False"
"chartgr_32_02","Loans given to personnel and management","3202","asset_current","","l10n_gr.l10n_gr_chart_template","False","False"
"chartgr_32_03","Other loans given","3203","asset_current","","l10n_gr.l10n_gr_chart_template","False","False"
"chartgr_32_04","Impairment of loans given","3204","asset_current","","l10n_gr.l10n_gr_chart_template","False","False"
"chartgr_33_00","Other receivables","33","asset_current","","l10n_gr.l10n_gr_chart_template","False","False"
"chartgr_33_01","Revenue from equity investments receivable","3301","asset_current","","l10n_gr.l10n_gr_chart_template","False","False"
"chartgr_33_01_01","Revenue from equity investments receivable – nominal amount","330101","asset_current","","l10n_gr.l10n_gr_chart_template","False","False"
"chartgr_33_01_02","Impairment of revenue from equity investments receivable","330102","asset_current","","l10n_gr.l10n_gr_chart_template","False","False"
"chartgr_33_02","Other receivables from related entities","3302","asset_receivable","","l10n_gr.l10n_gr_chart_template","False","True"
"chartgr_33_02_01","Other receivables from related entities– nominal amount","330201","asset_receivable","","l10n_gr.l10n_gr_chart_template","False","True"
"chartgr_33_02_02","Impairment of other receivables from related entities","330202","asset_current","","l10n_gr.l10n_gr_chart_template","False","False"
"chartgr_33_03","Other receivables from non-related entities","3303","asset_receivable","","l10n_gr.l10n_gr_chart_template","False","True"
"chartgr_33_03_01","Other receivables from non-related entities, nominal amount","330301","asset_receivable","","l10n_gr.l10n_gr_chart_template","False","True"
"chartgr_33_03_02","Impairment of other receivables from non-related entities","330302","asset_current","","l10n_gr.l10n_gr_chart_template","False","False"
"chartgr_33_04","Guarantees","3304","asset_current","","l10n_gr.l10n_gr_chart_template","False","False"
"chartgr_34_00","Financial instruments (investments)","34","asset_current","","l10n_gr.l10n_gr_chart_template","False","False"
"chartgr_34_01","Debt instruments","3401","asset_current","","l10n_gr.l10n_gr_chart_template","False","False"
"chartgr_34_02","Other equity instruments","3402","asset_current","","l10n_gr.l10n_gr_chart_template","False","False"
"chartgr_34_03","Other financial assets","3403","asset_current","","l10n_gr.l10n_gr_chart_template","False","False"
"chartgr_35_00","Financial instruments held for hedging","35","asset_current","","l10n_gr.l10n_gr_chart_template","False","False"
"chartgr_35_01","Financial instruments held for fair value hedging","3501","asset_current","","l10n_gr.l10n_gr_chart_template","False","False"
"chartgr_35_02","Financial instruments held for cash flow hedging","3502","asset_current","","l10n_gr.l10n_gr_chart_template","False","False"
"chartgr_36_00","Investments (equity)","36","asset_current","","l10n_gr.l10n_gr_chart_template","False","False"
"chartgr_36_01","Investment in subsidiaries","3601","asset_current","","l10n_gr.l10n_gr_chart_template","False","False"
"chartgr_36_01_01","Investment in subsidiaries","360101","asset_current","","l10n_gr.l10n_gr_chart_template","False","False"
"chartgr_36_01_02","Impairment of investment in subsidiaries","360102","asset_current","","l10n_gr.l10n_gr_chart_template","False","False"
"chartgr_36_02","Investment in associates","3602","asset_current","","l10n_gr.l10n_gr_chart_template","False","False"
"chartgr_36_02_01","Investment in associates","360201","asset_current","","l10n_gr.l10n_gr_chart_template","False","False"
"chartgr_36_02_02","Impairment of investment in associates","360202","asset_current","","l10n_gr.l10n_gr_chart_template","False","False"
"chartgr_36_03","Investment in joint ventures","3603","asset_current","","l10n_gr.l10n_gr_chart_template","False","False"
"chartgr_36_03_01","Investment in joint ventures","360301","asset_current","","l10n_gr.l10n_gr_chart_template","False","False"
"chartgr_36_03_02","Impairment of investment in joint ventures","360302","asset_current","","l10n_gr.l10n_gr_chart_template","False","False"
"chartgr_37_00","Prepaid expenses and accrued revenue","37","asset_current","","l10n_gr.l10n_gr_chart_template","False","False"
"chartgr_37_01","Prepaid expenses","3701","asset_current","","l10n_gr.l10n_gr_chart_template","False","False"
"chartgr_37_01_01","Prepaid expenses to non-related entities","370101","asset_current","","l10n_gr.l10n_gr_chart_template","False","False"
"chartgr_37_01_02","Prepaid expenses to related entities","370102","asset_current","","l10n_gr.l10n_gr_chart_template","False","False"
"chartgr_37_02","Accrued revenue","3702","asset_current","","l10n_gr.l10n_gr_chart_template","False","False"
"chartgr_37_02_01","Accrued revenue from non-related entities","370201","asset_current","","l10n_gr.l10n_gr_chart_template","False","False"
"chartgr_37_02_02","Accrued revenue from related entities","370202","asset_current","","l10n_gr.l10n_gr_chart_template","False","False"
"chartgr_38_00","Cash and cash equivalents","38","asset_cash","","l10n_gr.l10n_gr_chart_template","False","False"
"chartgr_38_01","Cash in hand","3801","asset_cash","","l10n_gr.l10n_gr_chart_template","False","False"
"chartgr_38_02","Sight deposits","3802","asset_cash","","l10n_gr.l10n_gr_chart_template","False","False"
"chartgr_38_03","Time deposits","3803","asset_cash","","l10n_gr.l10n_gr_chart_template","False","False"
"chartgr_38_04","Other cash equivalents","3804","asset_cash","","l10n_gr.l10n_gr_chart_template","False","False"
"chartgr_39_00","Deferred tax asset","39","asset_current","","l10n_gr.l10n_gr_chart_template","False","False"
"chartgr_40_00","Capital (paid-in)","40","equity","","l10n_gr.l10n_gr_chart_template","False","False"
"chartgr_41_00","Share premium","41","equity","","l10n_gr.l10n_gr_chart_template","False","False"
"chartgr_42_00","Owners' deposits","42","equity","","l10n_gr.l10n_gr_chart_template","False","False"
"chartgr_43_00","Treasury titles","43","equity","","l10n_gr.l10n_gr_chart_template","False","False"
"chartgr_43_01","Acquisition cost of treasury titles","4301","equity","","l10n_gr.l10n_gr_chart_template","False","False"
"chartgr_43_02","Gain/Loss from the sale of treasury titles","4302","equity","","l10n_gr.l10n_gr_chart_template","False","False"
"chartgr_44_00","Fair value reserves","44","equity","","l10n_gr.l10n_gr_chart_template","False","False"
"chartgr_44_01","Fair value reserves - tangible assets","4401","equity","","l10n_gr.l10n_gr_chart_template","False","False"
"chartgr_44_02","Fair value reserves - available for sale","4402","equity","","l10n_gr.l10n_gr_chart_template","False","False"
"chartgr_44_03","Fair value reserves - cash flow hedges","4403","equity","","l10n_gr.l10n_gr_chart_template","False","False"
"chartgr_45_00","Exchange differences","45","equity","","l10n_gr.l10n_gr_chart_template","False","False"
"chartgr_46_00","Legal reserves","46","equity","","l10n_gr.l10n_gr_chart_template","False","False"
"chartgr_47_00","Tax reserves","47","equity","","l10n_gr.l10n_gr_chart_template","False","False"
"chartgr_48_00","Articles of association and other reserves","48","equity","","l10n_gr.l10n_gr_chart_template","False","False"
"chartgr_48_01","Articles of association reserves","4801","equity","","l10n_gr.l10n_gr_chart_template","False","False"
"chartgr_48_02","Optional reserves formed by a decision of the owners’ general assembly","4802","equity","","l10n_gr.l10n_gr_chart_template","False","False"
"chartgr_49_00","Retained earnings","49","equity_unaffected","","l10n_gr.l10n_gr_chart_template","False","False"
"chartgr_50_00","Accounts payable","50","liability_payable","","l10n_gr.l10n_gr_chart_template","False","True"
"chartgr_50_01","Accounts payable – non-related entities","5001","liability_payable","","l10n_gr.l10n_gr_chart_template","False","True"
"chartgr_50_02","Accounts payable – related entities","5002","liability_payable","","l10n_gr.l10n_gr_chart_template","False","True"
"chartgr_50_03","Advances to suppliers – non-related entities","5003","liability_non_current","","l10n_gr.l10n_gr_chart_template","False","False"
"chartgr_50_03_01","Advances for non-current assets, non-related entities","500301","asset_non_current","","l10n_gr.l10n_gr_chart_template","False","False"
"chartgr_50_03_02","Advances for inventory, non-related entities","500302","liability_non_current","","l10n_gr.l10n_gr_chart_template","False","False"
"chartgr_50_03_03","Other advances to suppliers, non-related entities","500303","liability_non_current","","l10n_gr.l10n_gr_chart_template","False","False"
"chartgr_50_04","Advances to suppliers – related entities","5004","liability_non_current","","l10n_gr.l10n_gr_chart_template","False","False"
"chartgr_50_04_01","Advances for non-current assets, related entities","500401","asset_non_current","","l10n_gr.l10n_gr_chart_template","False","False"
"chartgr_50_04_02","Advances for inventory, related entities","500402","liability_non_current","","l10n_gr.l10n_gr_chart_template","False","False"
"chartgr_50_04_03","Other advances to suppliers, related entities","500403","liability_non_current","","l10n_gr.l10n_gr_chart_template","False","False"
"chartgr_51_00","Notes payable","51","liability_payable","","l10n_gr.l10n_gr_chart_template","False","True"
"chartgr_51_01","Notes payable to non-related entities","5101","liability_payable","","l10n_gr.l10n_gr_chart_template","False","True"
"chartgr_51_02","Notes payable to related entities","5102","liability_payable","","l10n_gr.l10n_gr_chart_template","False","True"
"chartgr_52_00","Bank loans","52","liability_current","","l10n_gr.l10n_gr_chart_template","False","False"
"chartgr_52_01","Bank loans from non-related entities","5201","liability_current","","l10n_gr.l10n_gr_chart_template","False","False"
"chartgr_52_02","Bank loans from related entities","5202","liability_current","","l10n_gr.l10n_gr_chart_template","False","False"
"chartgr_53_00","Other liabilities","53","liability_current","","l10n_gr.l10n_gr_chart_template","False","False"
"chartgr_53_01","Loans received from non-related parties","5301","liability_current","","l10n_gr.l10n_gr_chart_template","False","False"
"chartgr_53_02","Loans received from related parties","5302","liability_current","","l10n_gr.l10n_gr_chart_template","False","False"
"chartgr_53_03","Employee compensation payable","5303","liability_payable","","l10n_gr.l10n_gr_chart_template","False","True"
"chartgr_53_04","Liabilities to owners and management","5304","liability_current","","l10n_gr.l10n_gr_chart_template","False","False"
"chartgr_53_05","Dividends and amounts of a similar nature payable","5305","liability_payable","","l10n_gr.l10n_gr_chart_template","False","True"
"chartgr_53_06","Other liabilities to non-related entities","5306","liability_current","","l10n_gr.l10n_gr_chart_template","False","False"
"chartgr_53_07","Other liabilities to related entities","5307","liability_current","","l10n_gr.l10n_gr_chart_template","False","False"
"chartgr_54_00","Taxes and levies payable","54","liability_payable","","l10n_gr.l10n_gr_chart_template","False","True"
"chartgr_54_01","Income tax payable","5401","liability_payable","","l10n_gr.l10n_gr_chart_template","False","True"
"chartgr_54_01_01","Income tax due as per annual tax return","540101","liability_current","","l10n_gr.l10n_gr_chart_template","False","False"
"chartgr_54_01_02","Income tax withheld (contra account)","540102","liability_current","","l10n_gr.l10n_gr_chart_template","False","False"
"chartgr_54_01_03","Advance payment of income tax (contra account)","540103","liability_current","","l10n_gr.l10n_gr_chart_template","False","False"
"chartgr_54_02","Value Added Tax","5402","liability_current","","l10n_gr.l10n_gr_chart_template","False","False"
"chartgr_54_02_01","Value added tax on sales revenue","540201","liability_current","","l10n_gr.l10n_gr_chart_template","False","False"
"chartgr_54_02_02","Value added tax on purchases","540202","liability_current","","l10n_gr.l10n_gr_chart_template","False","False"
"chartgr_54_02_03","Value added tax paid","540203","liability_current","","l10n_gr.l10n_gr_chart_template","False","False"
"chartgr_54_03","Income tax of third parties withheld","5403","liability_current","","l10n_gr.l10n_gr_chart_template","False","False"
"chartgr_54_03_01","Income tax of salaries and pensions","540301","liability_current","","l10n_gr.l10n_gr_chart_template","False","False"
"chartgr_54_03_02","Income tax of business income","540302","liability_current","","l10n_gr.l10n_gr_chart_template","False","False"
"chartgr_54_03_03","Income tax on dividends","540303","liability_current","","l10n_gr.l10n_gr_chart_template","False","False"
"chartgr_54_03_04","Other income tax","540304","liability_current","","l10n_gr.l10n_gr_chart_template","False","False"
"chartgr_54_04","Fiscal stamp due","5404","liability_current","","l10n_gr.l10n_gr_chart_template","False","False"
"chartgr_54_05","Other taxes, levies and contributions","5405","liability_current","","l10n_gr.l10n_gr_chart_template","False","False"
"chartgr_55_00","Social security contributions","55","liability_current","","l10n_gr.l10n_gr_chart_template","False","False"
"chartgr_55_01","Primary social security","5501","liability_current","","l10n_gr.l10n_gr_chart_template","False","False"
"chartgr_55_02","Supplementary social security","5502","liability_current","","l10n_gr.l10n_gr_chart_template","False","False"
"chartgr_56_00","Accruals and advances received","56","liability_current","","l10n_gr.l10n_gr_chart_template","False","False"
"chartgr_56_01","Accrued expenses","5601","liability_current","","l10n_gr.l10n_gr_chart_template","False","False"
"chartgr_56_01_01","Accrued expenses – non-related entities","560101","liability_current","","l10n_gr.l10n_gr_chart_template","False","False"
"chartgr_56_01_02","Accrued expenses – related entities","560102","liability_current","","l10n_gr.l10n_gr_chart_template","False","False"
"chartgr_56_02","Unearned revenue","5602","liability_current","","l10n_gr.l10n_gr_chart_template","False","False"
"chartgr_56_02_01","Unearned revenue – non-related entities","560201","liability_current","","l10n_gr.l10n_gr_chart_template","False","False"
"chartgr_56_02_02","Unearned revenue – related entities","560202","liability_current","","l10n_gr.l10n_gr_chart_template","False","False"
"chartgr_57_00","Provisions","57","liability_current","","l10n_gr.l10n_gr_chart_template","False","False"
"chartgr_57_01","Provisions for employee benefits","5701","liability_current","","l10n_gr.l10n_gr_chart_template","False","False"
"chartgr_57_02","Other provisions","5702","liability_current","","l10n_gr.l10n_gr_chart_template","False","False"
"chartgr_57_02_01","Provisions for judicial expenses","570201","liability_current","","l10n_gr.l10n_gr_chart_template","False","False"
"chartgr_57_02_02","Provisions for guarantees granted","570202","liability_current","","l10n_gr.l10n_gr_chart_template","False","False"
"chartgr_57_02_03","Provisions for environmental restoration","570203","liability_current","","l10n_gr.l10n_gr_chart_template","False","False"
"chartgr_57_02_04","Provisions for tax audit surcharges","570204","liability_current","","l10n_gr.l10n_gr_chart_template","False","False"
"chartgr_57_02_05","Other provisions","570205","liability_current","","l10n_gr.l10n_gr_chart_template","False","False"
"chartgr_57_03","Provisions for related entities","5703","liability_current","","l10n_gr.l10n_gr_chart_template","False","False"
"chartgr_58_00","Government grants","58","liability_current","","l10n_gr.l10n_gr_chart_template","False","False"
"chartgr_59_00","Deferred tax liability","59","asset_current","","l10n_gr.l10n_gr_chart_template","False","False"
"chartgr_60_00","Employee compensation","60","expense","","l10n_gr.l10n_gr_chart_template","False","False"
"chartgr_60_01","Gross employee remuneration","6001","expense","","l10n_gr.l10n_gr_chart_template","False","False"
"chartgr_60_02","Employer's social security contributions","6002","expense","","l10n_gr.l10n_gr_chart_template","False","False"
"chartgr_60_03","Other compensation","6003","expense","","l10n_gr.l10n_gr_chart_template","False","False"
"chartgr_60_04","Provision for post-employment benefits","6004","expense","","l10n_gr.l10n_gr_chart_template","False","False"
"chartgr_60_05","Employee compensation – related entities","6005","expense","","l10n_gr.l10n_gr_chart_template","False","False"
"chartgr_61_00","Losses from measurement of assets","61","expense","","l10n_gr.l10n_gr_chart_template","False","False"
"chartgr_61_01","Impairment - tangible fixed assets (other than biological)","6101","expense","","l10n_gr.l10n_gr_chart_template","False","False"
"chartgr_61_02","Impairment – biological assets","6102","expense","","l10n_gr.l10n_gr_chart_template","False","False"
"chartgr_61_03","Impairment – intangible assets","6103","expense","","l10n_gr.l10n_gr_chart_template","False","False"
"chartgr_61_04","Impairment – inventory","6104","expense","","l10n_gr.l10n_gr_chart_template","False","False"
"chartgr_61_05","Impairment – financial assets","6105","expense","","l10n_gr.l10n_gr_chart_template","False","False"
"chartgr_61_05_01","Impairment of accounts receivable","610501","expense","","l10n_gr.l10n_gr_chart_template","False","False"
"chartgr_61_05_02","Impairment of notes receivable","610502","expense","","l10n_gr.l10n_gr_chart_template","False","False"
"chartgr_61_05_03","Impairment of held to maturity financial instruments","610503","expense","","l10n_gr.l10n_gr_chart_template","False","False"
"chartgr_61_05_04","Impairment of investments in subsidiaries","610504","expense","","l10n_gr.l10n_gr_chart_template","False","False"
"chartgr_61_05_05","Impairment of investments in associates","610505","expense","","l10n_gr.l10n_gr_chart_template","False","False"
"chartgr_61_05_06","Impairment of investments in joint ventures","610506","expense","","l10n_gr.l10n_gr_chart_template","False","False"
"chartgr_61_06","Impairment of other assets","6106","expense","","l10n_gr.l10n_gr_chart_template","False","False"
"chartgr_61_07","Losses from fair value measurement","6107","expense","","l10n_gr.l10n_gr_chart_template","False","False"
"chartgr_61_07_01","Fair value losses – tangible assets","610701","expense","","l10n_gr.l10n_gr_chart_template","False","False"
"chartgr_61_07_02","Fair value losses – biological assets","610702","expense","","l10n_gr.l10n_gr_chart_template","False","False"
"chartgr_61_07_03","Fair value losses – financial assets","610703","expense","","l10n_gr.l10n_gr_chart_template","False","False"
"chartgr_62_00","Foreign exchange differences – expense","62","expense","","l10n_gr.l10n_gr_chart_template","False","False"
"chartgr_62_01","Foreign exchange differences on settlement of accounts","6201","expense","","l10n_gr.l10n_gr_chart_template","False","False"
"chartgr_62_01_01","Foreign exchange differences on settlement of trade receivables and payable","620101","expense","","l10n_gr.l10n_gr_chart_template","False","False"
"chartgr_62_01_02","Foreign exchange differences on settlement of loans","620102","expense","","l10n_gr.l10n_gr_chart_template","False","False"
"chartgr_62_01_03","Foreign exchange differences on settlement of other balance sheet items","620103","expense","","l10n_gr.l10n_gr_chart_template","False","False"
"chartgr_62_02","Foreign exchange differences from measurement","6202","expense","","l10n_gr.l10n_gr_chart_template","False","False"
"chartgr_62_02_01","Foreign exchange differences from measurement of trade receivables and payable","620201","expense","","l10n_gr.l10n_gr_chart_template","False","False"
"chartgr_62_02_02","Foreign exchange differences measurement of loans","620202","expense","","l10n_gr.l10n_gr_chart_template","False","False"
"chartgr_62_02_03","Foreign exchange differences measurement of other balance sheet items","620203","expense","","l10n_gr.l10n_gr_chart_template","False","False"
"chartgr_63_00","Losses on disposal or retirement of non-current assets","63","expense","","l10n_gr.l10n_gr_chart_template","False","False"
"chartgr_63_01","Losses from the disposal or retirement of tangible assets","6301","expense","","l10n_gr.l10n_gr_chart_template","False","False"
"chartgr_63_02","Losses from the disposal or retirement of intangible assets","6302","expense","","l10n_gr.l10n_gr_chart_template","False","False"
"chartgr_63_03","Losses from the disposal or retirement of financial assets","6303","expense","","l10n_gr.l10n_gr_chart_template","False","False"
"chartgr_63_04","Losses from the disposal or retirement of assets to related entities","6304","expense","","l10n_gr.l10n_gr_chart_template","False","False"
"chartgr_64_00","Other operating expenses","64","expense","","l10n_gr.l10n_gr_chart_template","False","False"
"chartgr_64_01","Fees for services","6401","expense","","l10n_gr.l10n_gr_chart_template","False","False"
"chartgr_64_01_01","Fees for services to non-related entities.","640101","expense","","l10n_gr.l10n_gr_chart_template","False","False"
"chartgr_64_01_02","Fees for services to related entities","640102","expense","","l10n_gr.l10n_gr_chart_template","False","False"
"chartgr_64_02","Energy","6402","expense","","l10n_gr.l10n_gr_chart_template","False","False"
"chartgr_64_03","Water","6403","expense","","l10n_gr.l10n_gr_chart_template","False","False"
"chartgr_64_04","Telecommunications","6404","expense","","l10n_gr.l10n_gr_chart_template","False","False"
"chartgr_64_05","Rents","6405","expense","","l10n_gr.l10n_gr_chart_template","False","False"
"chartgr_64_05_01","Rents to non-related entities","640501","expense","","l10n_gr.l10n_gr_chart_template","False","False"
"chartgr_64_05_02","Rents to related entities","640502","expense","","l10n_gr.l10n_gr_chart_template","False","False"
"chartgr_64_06","Insurance","6406","expense","","l10n_gr.l10n_gr_chart_template","False","False"
"chartgr_64_07","Transportation","6407","expense","","l10n_gr.l10n_gr_chart_template","False","False"
"chartgr_64_08","Consumables","6408","expense","","l10n_gr.l10n_gr_chart_template","False","False"
"chartgr_64_09","Repairs and maintenance","6409","expense","","l10n_gr.l10n_gr_chart_template","False","False"
"chartgr_64_10","Advertising","6410","expense","","l10n_gr.l10n_gr_chart_template","False","False"
"chartgr_64_11","Taxes and levies (other than income tax)","6411","expense","","l10n_gr.l10n_gr_chart_template","False","False"
"chartgr_64_12","Other expenses","6412","expense","","l10n_gr.l10n_gr_chart_template","False","False"
"chartgr_64_13","Various expenses – related entities","6413","expense","","l10n_gr.l10n_gr_chart_template","False","False"
"chartgr_65_00","Financial expenses","65","expense","","l10n_gr.l10n_gr_chart_template","False","False"
"chartgr_65_01","Interest expense – bank loans","6501","expense","","l10n_gr.l10n_gr_chart_template","False","False"
"chartgr_65_02","Interest expense –loans from related parties","6502","expense","","l10n_gr.l10n_gr_chart_template","False","False"
"chartgr_65_03","Interest expense – other loans","6503","expense","","l10n_gr.l10n_gr_chart_template","False","False"
"chartgr_65_04","Interest expense – liabilities and provisions","6504","expense","","l10n_gr.l10n_gr_chart_template","False","False"
"chartgr_65_05","Other financial expenses","6505","expense","","l10n_gr.l10n_gr_chart_template","False","False"
"chartgr_66_00","Depreciation","66","expense_depreciation","","l10n_gr.l10n_gr_chart_template","False","False"
"chartgr_66_01","Depreciation of depreciable land improvements","6601","expense_depreciation","","l10n_gr.l10n_gr_chart_template","False","False"
"chartgr_66_02","Depreciation of buildings and physical infrastructure","6602","expense_depreciation","","l10n_gr.l10n_gr_chart_template","False","False"
"chartgr_66_03","Depreciation of machinery","6603","expense_depreciation","","l10n_gr.l10n_gr_chart_template","False","False"
"chartgr_66_04","Depreciation of transportation equipment","6604","expense_depreciation","","l10n_gr.l10n_gr_chart_template","False","False"
"chartgr_66_05","Depreciation of other equipment","6605","expense_depreciation","","l10n_gr.l10n_gr_chart_template","False","False"
"chartgr_66_06","Depreciation of investment property","6606","expense_depreciation","","l10n_gr.l10n_gr_chart_template","False","False"
"chartgr_66_07","Depreciation of biological fixed assets","6607","expense_depreciation","","l10n_gr.l10n_gr_chart_template","False","False"
"chartgr_66_08","Amortization","6608","expense","","l10n_gr.l10n_gr_chart_template","False","False"
"chartgr_67_00","Extraordinary expenses, losses and fines","67","expense","","l10n_gr.l10n_gr_chart_template","False","False"
"chartgr_67_01","Losses from physical disasters","6701","expense","","l10n_gr.l10n_gr_chart_template","False","False"
"chartgr_67_02","Losses from other disasters","6702","expense","","l10n_gr.l10n_gr_chart_template","False","False"
"chartgr_67_03","Other extraordinary expenses and losses","6703","expense","","l10n_gr.l10n_gr_chart_template","False","False"
"chartgr_67_04","Fines and penalties","6704","expense","","l10n_gr.l10n_gr_chart_template","False","False"
"chartgr_67_05","Extraordinary expenses and losses – related entities","6705","expense","","l10n_gr.l10n_gr_chart_template","False","False"
"chartgr_68_00","Provisions","68","expense","","l10n_gr.l10n_gr_chart_template","False","False"
"chartgr_68_01","Provision-expense for judicial expenses","6801","expense","","l10n_gr.l10n_gr_chart_template","False","False"
"chartgr_68_02","Provision-expense for guarantees granted","6802","expense","","l10n_gr.l10n_gr_chart_template","False","False"
"chartgr_68_03","Provision-expense for environmental restoration","6803","expense","","l10n_gr.l10n_gr_chart_template","False","False"
"chartgr_68_04","Provision-expense for tax audit surcharges, other than income tax","6804","expense","","l10n_gr.l10n_gr_chart_template","False","False"
"chartgr_68_05","Other provisions","6805","expense","","l10n_gr.l10n_gr_chart_template","False","False"
"chartgr_68_06","Provisions for related entities","6806","expense","","l10n_gr.l10n_gr_chart_template","False","False"
"chartgr_69_00","Income tax expense","69","expense","","l10n_gr.l10n_gr_chart_template","False","False"
"chartgr_69_01","Current period tax expense","6901","expense","","l10n_gr.l10n_gr_chart_template","False","False"
"chartgr_69_02","Deferred tax expense","6902","expense","","l10n_gr.l10n_gr_chart_template","False","False"
"chartgr_69_03","Provisions for income tax audit surcharges","6903","expense","","l10n_gr.l10n_gr_chart_template","False","False"
"chartgr_70_00","Sale of goods and services","70","income","","l10n_gr.l10n_gr_chart_template","False","False"
"chartgr_70_01","Sales of merchandise (net) – non-related entities","7001","income","","l10n_gr.l10n_gr_chart_template","False","False"
"chartgr_70_01_01","Gross sales – non-related entities","700101","income","","l10n_gr.l10n_gr_chart_template","False","False"
"chartgr_70_01_02","Returns – non-related entities","700102","income","","l10n_gr.l10n_gr_chart_template","False","False"
"chartgr_70_01_03","Discounts and allowances – non-related entities","700103","income","","l10n_gr.l10n_gr_chart_template","False","False"
"chartgr_70_02","Sales of merchandise (net) – related entities","7002","income","","l10n_gr.l10n_gr_chart_template","False","False"
"chartgr_70_02_01","Gross sales – related entities","700201","income","","l10n_gr.l10n_gr_chart_template","False","False"
"chartgr_70_02_02","Returns – related entities","700202","income","","l10n_gr.l10n_gr_chart_template","False","False"
"chartgr_70_02_03","Discounts and allowances – related entities","700203","income","","l10n_gr.l10n_gr_chart_template","False","False"
"chartgr_70_03","Sales of finished goods and work in progress (net) – non-related entities","7003","income","","l10n_gr.l10n_gr_chart_template","False","False"
"chartgr_70_03_01","Sales of finished goods and work in progress – non-related entities","700301","income","","l10n_gr.l10n_gr_chart_template","False","False"
"chartgr_70_03_02","Returns – non-related entities","700302","income","","l10n_gr.l10n_gr_chart_template","False","False"
"chartgr_70_03_03","Discounts and allowances – non-related entities","700303","income","","l10n_gr.l10n_gr_chart_template","False","False"
"chartgr_70_04","Sales of finished goods and work in progress (net) –related entities","7004","income","","l10n_gr.l10n_gr_chart_template","False","False"
"chartgr_70_04_01","Sales of finished goods and work in progress –related entities","700401","income","","l10n_gr.l10n_gr_chart_template","False","False"
"chartgr_70_04_02","Returns –related entities","700402","income","","l10n_gr.l10n_gr_chart_template","False","False"
"chartgr_70_04_03","Discounts and allowances –related entities","700403","income","","l10n_gr.l10n_gr_chart_template","False","False"
"chartgr_70_05","Sales of other inventory (net) – non-related entities","7005","income","","l10n_gr.l10n_gr_chart_template","False","False"
"chartgr_70_05_01","Gross sales – non-related entities","700501","income","","l10n_gr.l10n_gr_chart_template","False","False"
"chartgr_70_05_02","Returns – non-related entities","700502","income","","l10n_gr.l10n_gr_chart_template","False","False"
"chartgr_70_05_03","Discounts and allowances – non-related entities","700503","income","","l10n_gr.l10n_gr_chart_template","False","False"
"chartgr_70_06","Sales of other inventory (net) – related entities","7006","income","","l10n_gr.l10n_gr_chart_template","False","False"
"chartgr_70_06_01","Gross sales – related entities","700601","income","","l10n_gr.l10n_gr_chart_template","False","False"
"chartgr_70_06_02","Returns – related entities","700602","income","","l10n_gr.l10n_gr_chart_template","False","False"
"chartgr_70_06_03","Discounts and allowances – related entities","700603","income","","l10n_gr.l10n_gr_chart_template","False","False"
"chartgr_70_07","Sales of services (net) – non-related entities","7007","income","","l10n_gr.l10n_gr_chart_template","False","False"
"chartgr_70_07_01","Gross sales – non-related entities","700701","income","","l10n_gr.l10n_gr_chart_template","False","False"
"chartgr_70_07_02","Returns – non-related entities","700702","income","","l10n_gr.l10n_gr_chart_template","False","False"
"chartgr_70_07_03","Discounts and allowances – non-related entities","700703","income","","l10n_gr.l10n_gr_chart_template","False","False"
"chartgr_70_08","Sales of services (net) – related entities","7008","income","","l10n_gr.l10n_gr_chart_template","False","False"
"chartgr_70_08_01","Gross sales – related entities","700801","income","","l10n_gr.l10n_gr_chart_template","False","False"
"chartgr_70_08_02","Returns – related entities","700802","income","","l10n_gr.l10n_gr_chart_template","False","False"
"chartgr_70_08_03","Discounts and allowances – related entities","700803","income","","l10n_gr.l10n_gr_chart_template","False","False"
"chartgr_71_00","Other ordinary revenue","71","income","","l10n_gr.l10n_gr_chart_template","False","False"
"chartgr_71_01","Amortization of government grants for fixed assets","7101","income","","l10n_gr.l10n_gr_chart_template","False","False"
"chartgr_71_02","Government grants for interest expenses","7102","income","","l10n_gr.l10n_gr_chart_template","False","False"
"chartgr_71_03","Government grants for other expenses","7103","income","","l10n_gr.l10n_gr_chart_template","False","False"
"chartgr_71_04","Other revenue","7104","income","","l10n_gr.l10n_gr_chart_template","False","False"
"chartgr_71_05","Other revenue from related entities","7105","income","","l10n_gr.l10n_gr_chart_template","False","False"
"chartgr_72_00","Interest revenue","72","income","","l10n_gr.l10n_gr_chart_template","False","False"
"chartgr_72_01","Interest revenue on sales","7201","income","","l10n_gr.l10n_gr_chart_template","False","False"
"chartgr_72_02","Interest revenue from loans and other receivables","7202","income","","l10n_gr.l10n_gr_chart_template","False","False"
"chartgr_72_03","Interest revenue from related entities","7203","income","","l10n_gr.l10n_gr_chart_template","False","False"
"chartgr_72_04","Interest revenue from other investments","7204","income","","l10n_gr.l10n_gr_chart_template","False","False"
"chartgr_73_00","Foreign exchange differences – gains","73","income_other","","l10n_gr.l10n_gr_chart_template","False","False"
"chartgr_73_01","Foreign exchange differences on settlement of accounts","7301","income_other","","l10n_gr.l10n_gr_chart_template","False","False"
"chartgr_73_01_01","Foreign exchange differences on settlement of trade receivables and payable","730101","income_other","","l10n_gr.l10n_gr_chart_template","False","False"
"chartgr_73_01_02","Foreign exchange differences on settlement of loans","730102","income_other","","l10n_gr.l10n_gr_chart_template","False","False"
"chartgr_73_01_03","Foreign exchange differences on settlement of other balance sheet items","730103","income_other","","l10n_gr.l10n_gr_chart_template","False","False"
"chartgr_73_02","Foreign exchange differences from measurement","7302","income_other","","l10n_gr.l10n_gr_chart_template","False","False"
"chartgr_73_02_01","Foreign exchange differences from measurement of trade receivables and payable","730201","income_other","","l10n_gr.l10n_gr_chart_template","False","False"
"chartgr_73_02_02","Foreign exchange differences measurement of loans","730202","income_other","","l10n_gr.l10n_gr_chart_template","False","False"
"chartgr_73_02_03","Foreign exchange differences measurement of other balance sheet items","730203","income_other","","l10n_gr.l10n_gr_chart_template","False","False"
"chartgr_74_00","Dividends and similar revenue","74","income","","l10n_gr.l10n_gr_chart_template","False","False"
"chartgr_74_01","Dividends from associates","7401","income","","l10n_gr.l10n_gr_chart_template","False","False"
"chartgr_74_02","Dividends from subsidiaries","7402","income","","l10n_gr.l10n_gr_chart_template","False","False"
"chartgr_74_03","Dividends from joint ventures","7403","income","","l10n_gr.l10n_gr_chart_template","False","False"
"chartgr_74_04","Dividends from other participating interests","7404","income","","l10n_gr.l10n_gr_chart_template","False","False"
"chartgr_75_00","Gains from the disposal of non-current assets","75","income","","l10n_gr.l10n_gr_chart_template","False","False"
"chartgr_75_01","Gains from the disposal of tangible fixed assets","7501","income","","l10n_gr.l10n_gr_chart_template","False","False"
"chartgr_75_02","Gains from the disposal of intangible fixed assets","7502","income","","l10n_gr.l10n_gr_chart_template","False","False"
"chartgr_75_03","Gains from the disposal of financial fixed assets","7503","income","","l10n_gr.l10n_gr_chart_template","False","False"
"chartgr_75_04","Gains from the disposal of financial fixed assets to related entities","7504","income","","l10n_gr.l10n_gr_chart_template","False","False"
"chartgr_76_00","Gains from reversal of provisions and impairment","76","income","","l10n_gr.l10n_gr_chart_template","False","False"
"chartgr_76_01","Gains from reversal of provisions for judicial expenses","7601","income","","l10n_gr.l10n_gr_chart_template","False","False"
"chartgr_76_02","Gains from reversal of provisions for guarantees given","7602","income","","l10n_gr.l10n_gr_chart_template","False","False"
"chartgr_76_03","Gains from reversal of provisions for environmental restoration","7603","income","","l10n_gr.l10n_gr_chart_template","False","False"
"chartgr_76_04","Gains from reversal of provisions for tax audit surcharges, other than income tax","7604","income","","l10n_gr.l10n_gr_chart_template","False","False"
"chartgr_76_05","Gains from reversal of provisions for other expenses and risks","7605","income","","l10n_gr.l10n_gr_chart_template","False","False"
"chartgr_76_06","Gains from reversal of impairment - tangible assets other than biological","7606","income","","l10n_gr.l10n_gr_chart_template","False","False"
"chartgr_76_07","Gains from reversal of impairment – biological assets","7607","income","","l10n_gr.l10n_gr_chart_template","False","False"
"chartgr_76_08","Gains from reversal of impairment – intangible assets","7608","income","","l10n_gr.l10n_gr_chart_template","False","False"
"chartgr_76_09","Gains from reversal of impairment – inventory","7609","income","","l10n_gr.l10n_gr_chart_template","False","False"
"chartgr_76_10","Gains from reversal of impairment – financial assets","7610","income","","l10n_gr.l10n_gr_chart_template","False","False"
"chartgr_76_10_01","Gains from reversal of impairment – accounts receivable","761001","income","","l10n_gr.l10n_gr_chart_template","False","False"
"chartgr_76_10_02","Gains from reversal of impairment – notes receivable","761002","income","","l10n_gr.l10n_gr_chart_template","False","False"
"chartgr_76_10_03","Gains from reversal of impairment – held to maturity investments","761003","income","","l10n_gr.l10n_gr_chart_template","False","False"
"chartgr_76_10_04","Gains from reversal of impairment – investments in subsidiaries","761004","income","","l10n_gr.l10n_gr_chart_template","False","False"
"chartgr_76_10_05","Gains from reversal of impairment – investments in associates","761005","income","","l10n_gr.l10n_gr_chart_template","False","False"
"chartgr_76_10_06","Gains from reversal of impairment – investments in joint ventures","761006","income","","l10n_gr.l10n_gr_chart_template","False","False"
"chartgr_76_11","Gains from reversal of impairment – other assets","7611","income","","l10n_gr.l10n_gr_chart_template","False","False"
"chartgr_77_00","Gains from fair value measurement","77","income","","l10n_gr.l10n_gr_chart_template","False","False"
"chartgr_77_01","Gains from fair value measurement – tangible assets","7701","income","","l10n_gr.l10n_gr_chart_template","False","False"
"chartgr_77_02","Gains from fair value measurement – biological assets","7702","income","","l10n_gr.l10n_gr_chart_template","False","False"
"chartgr_77_03","Gains from fair value measurement – financial assets","7703","income","","l10n_gr.l10n_gr_chart_template","False","False"
"chartgr_78_00","Income tax revenue","78","income","","l10n_gr.l10n_gr_chart_template","False","False"
"chartgr_78_01","Current period tax revenue","7801","income","","l10n_gr.l10n_gr_chart_template","False","False"
"chartgr_78_02","Deferred tax revenue","7802","income","","l10n_gr.l10n_gr_chart_template","False","False"
"chartgr_78_03","Gains from the reversal of provisions for income tax audit surcharges","7803","income","","l10n_gr.l10n_gr_chart_template","False","False"
"chartgr_79_00","Extraordinary revenue and gains","79","income","","l10n_gr.l10n_gr_chart_template","False","False"
"chartgr_79_01","Extraordinary revenue and gains from non-related entities","7901","income","","l10n_gr.l10n_gr_chart_template","False","False"
"chartgr_79_02","Extraordinary revenue and gains from related entities","7902","income","","l10n_gr.l10n_gr_chart_template","False","False"
"chartgr_79_03","Gain from bargain purchase of a business","7903","income","","l10n_gr.l10n_gr_chart_template","False","False"
"chartgr_80_00","Expenses charged to self-constructed assets","80","expense","","l10n_gr.l10n_gr_chart_template","False","False"
"chartgr_80_01","Employee compensation","8001","expense","","l10n_gr.l10n_gr_chart_template","False","False"
"chartgr_80_02","Depreciation","8002","expense_depreciation","","l10n_gr.l10n_gr_chart_template","False","False"
"chartgr_80_03","Other operating expenses","8003","expense","","l10n_gr.l10n_gr_chart_template","False","False"
"chartgr_80_04","Financial expenses","8004","expense","","l10n_gr.l10n_gr_chart_template","False","False"
"chartgr_80_05","Provisions","8005","expense","","l10n_gr.l10n_gr_chart_template","False","False"
"chartgr_81_00","Liaison accounts with branches","81","liability_current","","l10n_gr.l10n_gr_chart_template","False","False"
"chartgr_81_01","Debit liaison accounts with branches","8101","liability_current","","l10n_gr.l10n_gr_chart_template","False","False"
"chartgr_81_02","Credit liaison accounts with branches","8102","liability_current","","l10n_gr.l10n_gr_chart_template","False","False"
"chartgr_82_00","Net income (loss) for the period","82","liability_current","","l10n_gr.l10n_gr_chart_template","False","False"
"chartgr_82_01","Accumulation of all revenue, expenses, gains and losses","8201","liability_current","","l10n_gr.l10n_gr_chart_template","False","False"
"chartgr_82_02","Net income after tax for the period","8202","liability_current","","l10n_gr.l10n_gr_chart_template","False","False"
"chartgr_82_03","Net loss after tax for the period","8203","liability_current","","l10n_gr.l10n_gr_chart_template","False","False"
